row_index,class_true,prob_mean,source
0,0,0.6449979782104492,CWA
1,1,0.551760482788086,CWA
2,0,0.15446366574615236,CWA
3,1,0.15126741826534268,CWA
4,0,0.7512892425060272,CWA
5,1,0.4321761175990105,CWA
6,0,0.2892870066687464,CWA
7,1,0.8942336142063141,CWA
8,0,0.8502158999443055,CWA
9,1,0.48861391842365265,CWA
10,0,0.5272286593914032,CWA
11,1,0.7844240963459015,CWA
12,0,0.1312005821615457,CWA
13,1,0.6075236141681671,CWA
14,0,0.7087609112262726,CWA
15,1,0.8971139371395112,CWA
16,0,0.6009604960680008,CWA
17,1,0.6696853458881378,CWA
18,0,0.20472699925303456,CWA
19,1,0.7685472726821899,CWA
20,0,0.813950490951538,CWA
21,1,0.4080350995063782,CWA
22,0,0.9108361065387726,CWA
23,1,0.9220961034297943,CWA
24,0,0.1169796539470553,CWA
25,1,0.8440823912620544,CWA
26,0,0.33497002050280567,CWA
27,1,0.416538006067276,CWA
28,0,0.1359875619411468,CWA
29,1,0.4223062448203564,CWA
30,0,0.3144961442798376,CWA
31,1,0.7740000665187836,CWA
32,0,0.14272559341043228,CWA
33,1,0.7852180808782577,CWA
34,0,0.4897829949855804,CWA
35,1,0.6577714085578918,CWA
36,0,0.24531882032752034,CWA
37,1,0.37777562290430067,CWA
38,0,0.2286320030689239,CWA
39,1,0.3793192148208618,CWA
40,0,0.4523116543889046,CWA
41,1,0.8470003306865692,CWA
42,0,0.2744226865470409,CWA
43,1,0.18811915935948487,CWA
44,0,0.08544900249689814,CWA
45,1,0.08407639205688607,CWA
46,0,0.37014339193701745,CWA
47,1,0.7107918202877045,CWA
48,0,0.7814433693885803,CWA
49,1,0.15542072653770442,CWA
50,0,0.7313703507184982,CWA
51,1,0.4112538143992424,CWA
52,0,0.7444828808307647,CWA
53,1,0.5002186194062233,CWA
54,0,0.18443497270345685,CWA
55,1,0.8347306251525879,CWA
56,0,0.4674005061388016,CWA
57,1,0.9134300053119659,CWA
58,0,0.18159952126443382,CWA
59,1,0.8738077282905579,CWA
60,0,0.5323044404387474,CWA
61,1,0.8997751355171204,CWA
62,0,0.0937571540474891,CWA
63,1,0.7902613937854767,CWA
64,0,0.12737804371863598,CWA
65,1,0.7399530619382858,CWA
66,0,0.11705732122063632,CWA
67,1,0.7023408949375153,CWA
68,0,0.548849755525589,CWA
69,1,0.9064296543598175,CWA
70,0,0.8673918426036835,CWA
71,1,0.4779428780078888,CWA
72,0,0.13726029600948092,CWA
73,1,0.3528506502509117,CWA
74,0,0.8249899208545685,CWA
75,1,0.9092872142791748,CWA
76,0,0.47180248200893404,CWA
77,1,0.8648141086101532,CWA
78,0,0.25622893497347826,CWA
79,1,0.836786413192749,CWA
80,0,0.28999721072614193,CWA
81,1,0.2504979718476533,CWA
82,0,0.468940369784832,CWA
83,1,0.5129178658127784,CWA
84,0,0.9562208175659179,CWA
85,1,0.8741965353488922,CWA
86,0,0.4879968076944351,CWA
87,1,0.4551117643713951,CWA
88,0,0.7670119345188141,CWA
89,1,0.5357883408665657,CWA
90,0,0.32400328665971756,CWA
91,1,0.627421748638153,CWA
92,0,0.3076978730037808,CWA
93,1,0.8345337629318237,CWA
94,0,0.44230220317840574,CWA
95,1,0.44688650965690613,CWA
96,0,0.3506055295467377,CWA
97,1,0.5572681523859501,CWA
98,0,0.422564972192049,CWA
99,1,0.6415448665618897,CWA
100,0,0.4751855909824371,CWA
101,1,0.9019874930381775,CWA
102,0,0.1392076798714697,CWA
103,1,0.9286024808883667,CWA
104,0,0.5855019897222519,CWA
105,1,0.7888909101486206,CWA
106,0,0.12783845253288742,CWA
107,1,0.4874157145619392,CWA
108,0,0.10954406186938281,CWA
109,1,0.906160581111908,CWA
110,0,0.3964851528406143,CWA
111,1,0.18955743759870525,CWA
112,0,0.23391058817505833,CWA
113,1,0.8977921783924103,CWA
114,0,0.7290108323097229,CWA
115,1,0.8644999504089356,CWA
116,0,0.5714446842670441,CWA
117,1,0.7068331152200699,CWA
118,0,0.3495775043964386,CWA
119,1,0.9105365097522735,CWA
120,0,0.2509523027576506,CWA
121,1,0.8052863329648972,CWA
122,0,0.12903103977441782,CWA
123,1,0.23405933305621143,CWA
124,0,0.8214538991451263,CWA
125,1,0.6541941806674003,CWA
126,0,0.14819896807894106,CWA
127,1,0.5462629735469818,CWA
128,0,0.415457422286272,CWA
129,1,0.7189397662878036,CWA
130,0,0.10682174339890478,CWA
131,1,0.18067206274718045,CWA
132,0,0.09645049162209028,CWA
133,1,0.23058211840689177,CWA
134,0,0.34768665917217734,CWA
135,1,0.4220922738313675,CWA
136,0,0.7779603064060211,CWA
137,1,0.9646959185600281,CWA
138,0,0.7810132265090942,CWA
139,1,0.7485982984304428,CWA
140,0,0.16251422762870785,CWA
141,1,0.9058505117893219,CWA
142,0,0.279889540374279,CWA
143,1,0.7555765151977539,CWA
144,0,0.4970249176025391,CWA
145,1,0.32383672818541526,CWA
146,0,0.2909538018517196,CWA
147,1,0.9056775987148284,CWA
148,0,0.1196771219372749,CWA
149,1,0.3235887989401817,CWA
150,0,0.11680792383849617,CWA
151,1,0.6736414223909378,CWA
152,0,0.17611720040440554,CWA
153,1,0.9410698652267456,CWA
154,0,0.13646720368415113,CWA
155,1,0.2001698995009064,CWA
156,0,0.13544132681563492,CWA
157,1,0.400729601085186,CWA
158,0,0.3610793367028236,CWA
159,1,0.9491443693637848,CWA
160,0,0.18776280432939527,CWA
161,1,0.4571703761816025,CWA
162,0,0.3385583236813545,CWA
163,1,0.9181142330169678,CWA
164,0,0.12769325021654365,CWA
165,1,0.6479695975780487,CWA
166,0,0.2210256284102797,CWA
167,1,0.7070744097232818,CWA
168,0,0.45465912371873857,CWA
169,1,0.5054764539003372,CWA
170,0,0.2578709680587053,CWA
171,1,0.6480850636959076,CWA
172,0,0.7853793203830719,CWA
173,1,0.770062792301178,CWA
174,0,0.21987614408135409,CWA
175,1,0.5422234505414962,CWA
176,0,0.3205419465899467,CWA
177,1,0.7718608736991882,CWA
178,0,0.17294153198599813,CWA
179,1,0.7478664338588714,CWA
180,0,0.5134212851524353,CWA
181,1,0.7290625542402267,CWA
182,0,0.5635799624025821,CWA
183,1,0.7416178107261657,CWA
184,0,0.12496742783114309,CWA
185,1,0.52746701836586,CWA
186,0,0.040099856723099896,CWA
187,1,0.3448327906429768,CWA
188,0,0.28607494309544557,CWA
189,1,0.7879839301109314,CWA
190,0,0.22937526814639564,CWA
191,1,0.282564908824861,CWA
192,0,0.7327919721603393,CWA
193,1,0.7621176660060882,CWA
194,0,0.3041302036494017,CWA
195,1,0.22111997157335278,CWA
196,0,0.29649004042148586,CWA
197,1,0.9499382078647614,CWA
198,0,0.2946337319910526,CWA
199,1,0.7174606859683991,CWA
200,0,0.17192956097424028,CWA
201,1,0.9416992962360382,CWA
202,0,0.09850997515022751,CWA
203,1,0.1181987281888723,CWA
204,0,0.6264737263321877,CWA
205,1,0.5814891375601292,CWA
206,0,0.08996729273349043,CWA
207,1,0.10893623922020193,CWA
208,0,0.06409111847169693,CWA
209,1,0.949562281370163,CWA
210,0,0.10838431790471073,CWA
211,1,0.09093594253063197,CWA
212,0,0.809284096956253,CWA
213,1,0.48840530812740324,CWA
214,0,0.3585240676999092,CWA
215,1,0.9392275154590607,CWA
216,0,0.1272464524954557,CWA
217,1,0.9418921649456025,CWA
218,0,0.10620206426829096,CWA
219,1,0.1008746743202209,CWA
220,0,0.7687615871429443,CWA
221,1,0.6094632863998413,CWA
222,0,0.40847771763801577,CWA
223,1,0.5974551051855087,CWA
224,0,0.4676675256341696,CWA
225,1,0.23770715445280075,CWA
226,0,0.2633018175140023,CWA
227,1,0.429766471683979,CWA
228,0,0.8408551871776581,CWA
229,1,0.8505023360252381,CWA
230,0,0.32925089225173,CWA
231,1,0.48541355431079863,CWA
232,0,0.20782569646835322,CWA
233,1,0.3932564750313759,CWA
234,0,0.2711388543248176,CWA
235,1,0.7773098587989807,CWA
236,0,0.31408481970429414,CWA
237,1,0.4978627488017082,CWA
238,0,0.16612134799361225,CWA
239,1,0.679601201415062,CWA
240,0,0.3798463333398104,CWA
241,1,0.4063316496089101,CWA
242,0,0.6734587714076042,CWA
243,1,0.7308898627758026,CWA
244,0,0.79267258644104,CWA
245,1,0.804966789484024,CWA
246,0,0.6608409821987152,CWA
247,1,0.6921517193317414,CWA
248,0,0.10252064075320955,CWA
249,1,0.3473452091217041,CWA
250,0,0.2239088729023933,CWA
251,1,0.5868193686008454,CWA
252,0,0.23190342783927914,CWA
253,1,0.6968209952116012,CWA
254,0,0.3360113952308893,CWA
255,1,0.8628627121448517,CWA
256,0,0.6620615109801292,CWA
257,1,0.8182762563228607,CWA
258,0,0.2493732776492834,CWA
259,1,0.6476111292839051,CWA
260,0,0.21823290921747684,CWA
261,1,0.8554054498672485,CWA
262,0,0.18280055359937247,CWA
263,1,0.9123342275619507,CWA
264,0,0.40524487346410754,CWA
265,1,0.5886080265045166,CWA
266,0,0.1672482773661613,CWA
267,1,0.5900771141052246,CWA
268,0,0.5685263752937317,CWA
269,1,0.4842886865139008,CWA
270,0,0.17221758738160128,CWA
271,1,0.8826276123523712,CWA
272,0,0.26905442550778386,CWA
273,1,0.5394781708717347,CWA
274,0,0.2387828759849071,CWA
275,1,0.7276392102241516,CWA
276,0,0.15789931416511532,CWA
277,1,0.7894631624221802,CWA
278,0,0.2690593350678682,CWA
279,1,0.8550359070301056,CWA
280,0,0.25725958868861193,CWA
281,1,0.2422380186617374,CWA
282,0,0.14817031193524596,CWA
283,1,0.28432727940380575,CWA
284,0,0.1916220783255994,CWA
285,1,0.8393039524555206,CWA
286,0,0.3171753719449043,CWA
287,1,0.3561794176697731,CWA
288,0,0.520028418302536,CWA
289,1,0.8946598529815674,CWA
290,0,0.2053430542349815,CWA
291,1,0.5674753714352846,CWA
292,0,0.2607602218165993,CWA
293,1,0.8457065761089325,CWA
294,0,0.07334480453282591,CWA
295,1,0.1396477526053786,CWA
296,0,0.31845987439155576,CWA
297,1,0.9203865826129913,CWA
298,0,0.08716302262619131,CWA
299,1,0.4580241464078426,CWA
300,0,0.1901419162750244,CWA
301,1,0.8188207626342774,CWA
302,0,0.22964531742036337,CWA
303,1,0.915358966588974,CWA
304,0,0.1258457979187369,CWA
305,1,0.3602788086980581,CWA
306,0,0.42764281034469603,CWA
307,1,0.9500133037567139,CWA
308,0,0.41204141527414323,CWA
309,1,0.6976673498749733,CWA
310,0,0.11901208888739342,CWA
311,1,0.8654951274394989,CWA
312,0,0.39324755147099494,CWA
313,1,0.8450475990772247,CWA
314,0,0.41888447701931,CWA
315,1,0.28542822003364565,CWA
316,0,0.4383003577589989,CWA
317,1,0.8864379823207855,CWA
318,0,0.12662711739540097,CWA
319,1,0.9304966032505035,CWA
320,0,0.33179781883955,CWA
321,1,0.6748724997043609,CWA
322,0,0.1643257156014442,CWA
323,1,0.793191385269165,CWA
324,0,0.27003916949033735,CWA
325,1,0.6244901776313782,CWA
326,0,0.5769678264856338,CWA
327,1,0.7056291341781616,CWA
328,0,0.10195236750878392,CWA
329,1,0.508702027797699,CWA
330,0,0.10373350400477646,CWA
331,1,0.38396474048495294,CWA
332,0,0.11043187659233804,CWA
333,1,0.46661596596240995,CWA
334,0,0.07136548031121485,CWA
335,1,0.2083021305501461,CWA
336,0,0.14379238933324812,CWA
337,1,0.82388334274292,CWA
338,0,0.16801411584019657,CWA
339,1,0.14685471318662163,CWA
340,0,0.15509317554533478,CWA
341,1,0.512417870759964,CWA
342,0,0.1301461292430758,CWA
343,1,0.838719654083252,CWA
344,0,0.25491001643240446,CWA
345,1,0.7524011313915253,CWA
346,0,0.4077578991651535,CWA
347,1,0.7986063003540039,CWA
348,0,0.5714020729064941,CWA
349,1,0.9309205293655396,CWA
350,0,0.450930280983448,CWA
351,1,0.8773536324501038,CWA
352,0,0.33941002786159513,CWA
353,1,0.9050972998142243,CWA
354,0,0.2893533013761044,CWA
355,1,0.9247153580188752,CWA
356,0,0.13510840162634846,CWA
357,1,0.82176313996315,CWA
358,0,0.10361207807436583,CWA
359,1,0.8449846565723419,CWA
360,0,0.17014522850513455,CWA
361,1,0.22372236698865886,CWA
362,0,0.24034504555165764,CWA
363,1,0.44960461258888246,CWA
364,0,0.10447821430861945,CWA
365,1,0.8519885897636413,CWA
366,0,0.11003064075484867,CWA
367,1,0.30742291584610937,CWA
368,0,0.11443092487752433,CWA
369,1,0.6763723760843277,CWA
370,0,0.30585667788982385,CWA
371,1,0.8566451489925384,CWA
372,0,0.23238372653722758,CWA
373,1,0.8657671451568604,CWA
374,0,0.1848004080355167,CWA
375,1,0.19000043123960492,CWA
376,0,0.36741158217191694,CWA
377,1,0.5030599623918534,CWA
378,0,0.13073018901050087,CWA
379,1,0.6102395623922348,CWA
380,0,0.5762691736221314,CWA
381,1,0.7010149836540223,CWA
382,0,0.20504840463399887,CWA
383,1,0.6259211033582688,CWA
384,0,0.15726553648710245,CWA
385,1,0.8515825629234314,CWA
386,0,0.33879260942339895,CWA
387,1,0.5399538069963455,CWA
388,0,0.13752858415246005,CWA
389,1,0.6959755688905715,CWA
390,0,0.21103225350379945,CWA
391,1,0.595371013879776,CWA
392,0,0.121534656221047,CWA
393,1,0.6298492103815079,CWA
394,0,0.16274353712797163,CWA
395,1,0.5937738746404648,CWA
396,0,0.19867465309798713,CWA
397,1,0.483049264550209,CWA
398,0,0.23863647468388077,CWA
399,1,0.4343435034155846,CWA
400,0,0.515131414681673,CWA
401,1,0.3739987704902887,CWA
402,0,0.21772584728896613,CWA
403,1,0.9345220625400543,CWA
0,0,0.46533469706773756,ERA5Land
1,1,0.34393785037100316,ERA5Land
2,0,0.14347031936049456,ERA5Land
3,1,0.11879468522965904,ERA5Land
4,0,0.615285725146532,ERA5Land
5,1,0.622638775408268,ERA5Land
6,0,0.04779325164854523,ERA5Land
7,1,0.823199862241745,ERA5Land
8,0,0.9014927744865417,ERA5Land
9,1,0.7398146718740464,ERA5Land
10,0,0.6543924927711486,ERA5Land
11,1,0.7550021290779114,ERA5Land
12,0,0.08191322255879638,ERA5Land
13,1,0.7862217247486114,ERA5Land
14,0,0.3034421381540596,ERA5Land
15,1,0.8189138233661651,ERA5Land
16,0,0.6658255964517593,ERA5Land
17,1,0.7991796731948853,ERA5Land
18,0,0.1664480503648519,ERA5Land
19,1,0.7764029920101165,ERA5Land
20,0,0.8143521249294281,ERA5Land
21,1,0.647300261259079,ERA5Land
22,0,0.9130176842212677,ERA5Land
23,1,0.8959910452365876,ERA5Land
24,0,0.08023920990526671,ERA5Land
25,1,0.8957323789596557,ERA5Land
26,0,0.13180548064410683,ERA5Land
27,1,0.23104221820831294,ERA5Land
28,0,0.24230172038078307,ERA5Land
29,1,0.39140775799751276,ERA5Land
30,0,0.22518551442772144,ERA5Land
31,1,0.8222415089607239,ERA5Land
32,0,0.1938895273953676,ERA5Land
33,1,0.8595607459545136,ERA5Land
34,0,0.6898291081190109,ERA5Land
35,1,0.47956429719924926,ERA5Land
36,0,0.16243762783706184,ERA5Land
37,1,0.27149997837841505,ERA5Land
38,0,0.22135438248515124,ERA5Land
39,1,0.27129735127091403,ERA5Land
40,0,0.6152028769254685,ERA5Land
41,1,0.7297577679157257,ERA5Land
42,0,0.17372101135551926,ERA5Land
43,1,0.1706129569560289,ERA5Land
44,0,0.18447693884372707,ERA5Land
45,1,0.17904655560851096,ERA5Land
46,0,0.6425250440835952,ERA5Land
47,1,0.5501594871282578,ERA5Land
48,0,0.7720452606678009,ERA5Land
49,1,0.49116232991218567,ERA5Land
50,0,0.7308846175670624,ERA5Land
51,1,0.5526011973619461,ERA5Land
52,0,0.7729818448424339,ERA5Land
53,1,0.5205650242045522,ERA5Land
54,0,0.12711984328925605,ERA5Land
55,1,0.9419314682483673,ERA5Land
56,0,0.2461418623104691,ERA5Land
57,1,0.9385939002037048,ERA5Land
58,0,0.05926449829712506,ERA5Land
59,1,0.9519709765911102,ERA5Land
60,0,0.08801528480835256,ERA5Land
61,1,0.9492283701896668,ERA5Land
62,0,0.22062216447666283,ERA5Land
63,1,0.6001204639673233,ERA5Land
64,0,0.01201403720770028,ERA5Land
65,1,0.8971134781837463,ERA5Land
66,0,0.7287678807973862,ERA5Land
67,1,0.8184914350509643,ERA5Land
68,0,0.6477633506059647,ERA5Land
69,1,0.821632319688797,ERA5Land
70,0,0.8273591935634613,ERA5Land
71,1,0.6141994208097458,ERA5Land
72,0,0.01597597772488367,ERA5Land
73,1,0.08043666745070363,ERA5Land
74,0,0.5589420825242997,ERA5Land
75,1,0.9348232269287109,ERA5Land
76,0,0.7188712120056152,ERA5Land
77,1,0.9458414137363433,ERA5Land
78,0,0.07211127979680891,ERA5Land
79,1,0.8929388284683227,ERA5Land
80,0,0.07720811376348133,ERA5Land
81,1,0.20903383065015074,ERA5Land
82,0,0.5160413138568402,ERA5Land
83,1,0.8304982513189316,ERA5Land
84,0,0.9633880972862243,ERA5Land
85,1,0.9288784861564636,ERA5Land
86,0,0.2935255292803049,ERA5Land
87,1,0.39064239226281644,ERA5Land
88,0,0.41528536155819895,ERA5Land
89,1,0.32513189241290086,ERA5Land
90,0,0.3182937873061746,ERA5Land
91,1,0.805844384431839,ERA5Land
92,0,0.05655540372245009,ERA5Land
93,1,0.8987525045871735,ERA5Land
94,0,0.8909242928028107,ERA5Land
95,1,0.7298759967088699,ERA5Land
96,0,0.5359665125608444,ERA5Land
97,1,0.7337589472532272,ERA5Land
98,0,0.6995900310575962,ERA5Land
99,1,0.8950644969940186,ERA5Land
100,0,0.14316400177776809,ERA5Land
101,1,0.962309193611145,ERA5Land
102,0,0.20858766809105872,ERA5Land
103,1,0.9228348910808564,ERA5Land
104,0,0.21490091755986213,ERA5Land
105,1,0.8465101718902588,ERA5Land
106,0,0.1593845803290605,ERA5Land
107,1,0.5833706840872764,ERA5Land
108,0,0.021043779281899273,ERA5Land
109,1,0.8354133874177933,ERA5Land
110,0,0.16024659313261505,ERA5Land
111,1,0.38085768148303034,ERA5Land
112,0,0.03822857160121199,ERA5Land
113,1,0.9089206159114838,ERA5Land
114,0,0.8643240988254547,ERA5Land
115,1,0.8946160078048706,ERA5Land
116,0,0.5659005492925644,ERA5Land
117,1,0.8279893398284912,ERA5Land
118,0,0.11852615717798468,ERA5Land
119,1,0.9770096838474274,ERA5Land
120,0,0.08470813911408182,ERA5Land
121,1,0.9719146013259887,ERA5Land
122,0,0.04222497893497344,ERA5Land
123,1,0.0822705614380538,ERA5Land
124,0,0.9049388825893402,ERA5Land
125,1,0.8599660158157348,ERA5Land
126,0,0.12363529042340811,ERA5Land
127,1,0.44584193378686904,ERA5Land
128,0,0.01087046731263394,ERA5Land
129,1,0.8675374090671539,ERA5Land
130,0,0.2548827335238456,ERA5Land
131,1,0.888465803861618,ERA5Land
132,0,0.051460018474608626,ERA5Land
133,1,0.19331268481910224,ERA5Land
134,0,0.6477929562330246,ERA5Land
135,1,0.7411257594823837,ERA5Land
136,0,0.7351992338895798,ERA5Land
137,1,0.9822354555130005,ERA5Land
138,0,0.858477783203125,ERA5Land
139,1,0.9186616182327271,ERA5Land
140,0,0.0891355626285076,ERA5Land
141,1,0.886439460515976,ERA5Land
142,0,0.1854499354958534,ERA5Land
143,1,0.8294334769248962,ERA5Land
144,0,0.6622419327497482,ERA5Land
145,1,0.5336151659488678,ERA5Land
146,0,0.04538417756557461,ERA5Land
147,1,0.9796293079853058,ERA5Land
148,0,0.1183214452117681,ERA5Land
149,1,0.42616489380598066,ERA5Land
150,0,0.007755801139865019,ERA5Land
151,1,0.7220895081758499,ERA5Land
152,0,0.18946168683469292,ERA5Land
153,1,0.9699463546276093,ERA5Land
154,0,0.46427581608295443,ERA5Land
155,1,0.40059307515621184,ERA5Land
156,0,0.03267552806064482,ERA5Land
157,1,0.7727547407150268,ERA5Land
158,0,0.45462260246276853,ERA5Land
159,1,0.9624729931354523,ERA5Land
160,0,0.19528343752026556,ERA5Land
161,1,0.7567305862903595,ERA5Land
162,0,0.05062305266037579,ERA5Land
163,1,0.9674301862716674,ERA5Land
164,0,0.01883509319741272,ERA5Land
165,1,0.6138592630624771,ERA5Land
166,0,0.29422456352040166,ERA5Land
167,1,0.48016436249017713,ERA5Land
168,0,0.21417162418365474,ERA5Land
169,1,0.33312526345252985,ERA5Land
170,0,0.6385723918676376,ERA5Land
171,1,0.697661104798317,ERA5Land
172,0,0.9044810354709625,ERA5Land
173,1,0.6638629600405693,ERA5Land
174,0,0.45572249591350555,ERA5Land
175,1,0.7184278011322022,ERA5Land
176,0,0.37185453847050665,ERA5Land
177,1,0.7539013773202896,ERA5Land
178,0,0.07998580718412993,ERA5Land
179,1,0.7029125526547432,ERA5Land
180,0,0.44711780175566673,ERA5Land
181,1,0.7540977776050568,ERA5Land
182,0,0.633488367497921,ERA5Land
183,1,0.8860174238681793,ERA5Land
184,0,0.019951471732929292,ERA5Land
185,1,0.8410200238227844,ERA5Land
186,0,0.015440730552654668,ERA5Land
187,1,0.8389043271541595,ERA5Land
188,0,0.24040531888604164,ERA5Land
189,1,0.628456637263298,ERA5Land
190,0,0.35756233185529707,ERA5Land
191,1,0.1907275684177875,ERA5Land
192,0,0.7409767925739288,ERA5Land
193,1,0.7786985248327255,ERA5Land
194,0,0.28753275275230405,ERA5Land
195,1,0.2838512878865004,ERA5Land
196,0,0.6256959110498428,ERA5Land
197,1,0.9815266132354736,ERA5Land
198,0,0.10650034267455336,ERA5Land
199,1,0.8928062438964843,ERA5Land
200,0,0.05949767292477186,ERA5Land
201,1,0.9540113627910614,ERA5Land
202,0,0.02026011147536332,ERA5Land
203,1,0.42809008061885834,ERA5Land
204,0,0.6778007209300995,ERA5Land
205,1,0.7423891365528107,ERA5Land
206,0,0.013868477288633529,ERA5Land
207,1,0.508354452252388,ERA5Land
208,0,0.023618995631113603,ERA5Land
209,1,0.9772472202777862,ERA5Land
210,0,0.07815914489328855,ERA5Land
211,1,0.9288108944892883,ERA5Land
212,0,0.7628824591636658,ERA5Land
213,1,0.6063299007713795,ERA5Land
214,0,0.11715681105852123,ERA5Land
215,1,0.912406188249588,ERA5Land
216,0,0.0581490963697433,ERA5Land
217,1,0.9696308314800263,ERA5Land
218,0,0.01798340624663975,ERA5Land
219,1,0.5776452347636223,ERA5Land
220,0,0.7337725460529327,ERA5Land
221,1,0.4732044018805027,ERA5Land
222,0,0.7616354495286941,ERA5Land
223,1,0.6880387455224991,ERA5Land
224,0,0.6031110733747482,ERA5Land
225,1,0.6749412208795548,ERA5Land
226,0,0.28167579192668196,ERA5Land
227,1,0.46214905455708505,ERA5Land
228,0,0.7570041865110397,ERA5Land
229,1,0.7438940227031707,ERA5Land
230,0,0.6784937888383865,ERA5Land
231,1,0.2809531673789024,ERA5Land
232,0,0.27634382694959636,ERA5Land
233,1,0.5820284992456436,ERA5Land
234,0,0.14253997728228568,ERA5Land
235,1,0.8276794910430908,ERA5Land
236,0,0.15286893807351584,ERA5Land
237,1,0.4885954700410366,ERA5Land
238,0,0.2324291095137596,ERA5Land
239,1,0.5892916440963745,ERA5Land
240,0,0.3998434074223042,ERA5Land
241,1,0.6093160957098007,ERA5Land
242,0,0.38951581679284575,ERA5Land
243,1,0.7092800483107566,ERA5Land
244,0,0.5037144035100937,ERA5Land
245,1,0.7373676478862763,ERA5Land
246,0,0.2692288506776094,ERA5Land
247,1,0.42370701730251314,ERA5Land
248,0,0.016878626961260978,ERA5Land
249,1,0.7763851284980774,ERA5Land
250,0,0.07218265235424039,ERA5Land
251,1,0.7425456643104553,ERA5Land
252,0,0.05441728525329376,ERA5Land
253,1,0.6835624277591705,ERA5Land
254,0,0.4917476072907448,ERA5Land
255,1,0.7652738451957702,ERA5Land
256,0,0.44096117075532676,ERA5Land
257,1,0.8024764120578766,ERA5Land
258,0,0.11433089599013324,ERA5Land
259,1,0.5435485653579235,ERA5Land
260,0,0.20929060317575926,ERA5Land
261,1,0.7797115266323089,ERA5Land
262,0,0.09996805340051645,ERA5Land
263,1,0.9434221923351288,ERA5Land
264,0,0.22389732754090796,ERA5Land
265,1,0.8390322744846344,ERA5Land
266,0,0.2860228151082992,ERA5Land
267,1,0.6120456665754318,ERA5Land
268,0,0.7533559650182724,ERA5Land
269,1,0.5531584978103637,ERA5Land
270,0,0.30048625618219377,ERA5Land
271,1,0.9228053033351898,ERA5Land
272,0,0.12679143548011776,ERA5Land
273,1,0.39041378544643524,ERA5Land
274,0,0.3740415140986442,ERA5Land
275,1,0.5827641427516937,ERA5Land
276,0,0.31993129802867765,ERA5Land
277,1,0.5524063661694527,ERA5Land
278,0,0.26210045330226417,ERA5Land
279,1,0.8469403266906739,ERA5Land
280,0,0.25911369333043693,ERA5Land
281,1,0.5799418315291405,ERA5Land
282,0,0.184221819601953,ERA5Land
283,1,0.6232761174440384,ERA5Land
284,0,0.052879592590033976,ERA5Land
285,1,0.8781953573226928,ERA5Land
286,0,0.31421465948224064,ERA5Land
287,1,0.578157839179039,ERA5Land
288,0,0.5297264596447349,ERA5Land
289,1,0.951082170009613,ERA5Land
290,0,0.3736226961016655,ERA5Land
291,1,0.389116869866848,ERA5Land
292,0,0.04156952481716865,ERA5Land
293,1,0.7858627915382386,ERA5Land
294,0,0.011437421268783471,ERA5Land
295,1,0.24963666703552004,ERA5Land
296,0,0.6483901381492615,ERA5Land
297,1,0.9595364212989808,ERA5Land
298,0,0.10063866320997472,ERA5Land
299,1,0.6440556347370148,ERA5Land
300,0,0.06530371189583088,ERA5Land
301,1,0.8282169163227081,ERA5Land
302,0,0.7848410278558731,ERA5Land
303,1,0.7448096960783005,ERA5Land
304,0,0.3099521175026893,ERA5Land
305,1,0.676319532096386,ERA5Land
306,0,0.05514524579048151,ERA5Land
307,1,0.9424683392047882,ERA5Land
308,0,0.3046757377684116,ERA5Land
309,1,0.8860926330089569,ERA5Land
310,0,0.2724211528897285,ERA5Land
311,1,0.9457475125789643,ERA5Land
312,0,0.09890718907117839,ERA5Land
313,1,0.9444009959697723,ERA5Land
314,0,0.19559148773550983,ERA5Land
315,1,0.04240851616486902,ERA5Land
316,0,0.2456011794507503,ERA5Land
317,1,0.9200501143932343,ERA5Land
318,0,0.07592957830056543,ERA5Land
319,1,0.979069983959198,ERA5Land
320,0,0.06921689864248035,ERA5Land
321,1,0.9060360014438629,ERA5Land
322,0,0.24322385564446444,ERA5Land
323,1,0.8501938939094543,ERA5Land
324,0,0.3856352820992469,ERA5Land
325,1,0.6150932222604751,ERA5Land
326,0,0.07113074115477498,ERA5Land
327,1,0.6083425611257554,ERA5Land
328,0,0.12124778293073173,ERA5Land
329,1,0.6741842180490494,ERA5Land
330,0,0.01553127167280759,ERA5Land
331,1,0.5419713512063027,ERA5Land
332,0,0.05185463104862714,ERA5Land
333,1,0.7503505378961564,ERA5Land
334,0,0.04695151089690622,ERA5Land
335,1,0.31499879271723324,ERA5Land
336,0,0.5219754353165627,ERA5Land
337,1,0.931071138381958,ERA5Land
338,0,0.09142857156693932,ERA5Land
339,1,0.11019284613430495,ERA5Land
340,0,0.2476954527199268,ERA5Land
341,1,0.32275009304285046,ERA5Land
342,0,0.0899139771237969,ERA5Land
343,1,0.8386036515235901,ERA5Land
344,0,0.15505948187783355,ERA5Land
345,1,0.8782130002975463,ERA5Land
346,0,0.2613414019346237,ERA5Land
347,1,0.8081226110458374,ERA5Land
348,0,0.27544161379337306,ERA5Land
349,1,0.9302153527736664,ERA5Land
350,0,0.09384182840585703,ERA5Land
351,1,0.8361786901950836,ERA5Land
352,0,0.03730464689433569,ERA5Land
353,1,0.6692088603973388,ERA5Land
354,0,0.2121429309248924,ERA5Land
355,1,0.8652700245380401,ERA5Land
356,0,0.6457885324954986,ERA5Land
357,1,0.8507666409015655,ERA5Land
358,0,0.137592882476747,ERA5Land
359,1,0.674079206585884,ERA5Land
360,0,0.16398488767445082,ERA5Land
361,1,0.34185511246323586,ERA5Land
362,0,0.11957910601049657,ERA5Land
363,1,0.4443009540438652,ERA5Land
364,0,0.10513372477143997,ERA5Land
365,1,0.9435346603393555,ERA5Land
366,0,0.14380515739321703,ERA5Land
367,1,0.8377632617950439,ERA5Land
368,0,0.1587471371516585,ERA5Land
369,1,0.7576328039169311,ERA5Land
370,0,0.15684325546026226,ERA5Land
371,1,0.6959873981773853,ERA5Land
372,0,0.41457142420113086,ERA5Land
373,1,0.7413410604000091,ERA5Land
374,0,0.07267539380118244,ERA5Land
375,1,0.04142509987577792,ERA5Land
376,0,0.24360874791163947,ERA5Land
377,1,0.356822544336319,ERA5Land
378,0,0.12248084843158717,ERA5Land
379,1,0.6339512467384338,ERA5Land
380,0,0.3532099649310112,ERA5Land
381,1,0.7654251515865326,ERA5Land
382,0,0.3854410111904144,ERA5Land
383,1,0.7073382914066315,ERA5Land
384,0,0.05112807070836421,ERA5Land
385,1,0.9121218085289001,ERA5Land
386,0,0.07804505545645948,ERA5Land
387,1,0.7488452166318893,ERA5Land
388,0,0.08644932713359589,ERA5Land
389,1,0.7521687924861908,ERA5Land
390,0,0.11124333664774892,ERA5Land
391,1,0.5286024183034896,ERA5Land
392,0,0.08968891259282823,ERA5Land
393,1,0.7047446191310882,ERA5Land
394,0,0.21301858983933922,ERA5Land
395,1,0.7210419625043869,ERA5Land
396,0,0.04151357933878894,ERA5Land
397,1,0.5707243248820305,ERA5Land
398,0,0.15463633313775058,ERA5Land
399,1,0.47504317164421084,ERA5Land
400,0,0.06800465639680618,ERA5Land
401,1,0.2993908926844596,ERA5Land
402,0,0.458540640771389,ERA5Land
403,1,0.8409914195537567,ERA5Land
0,0,0.564425291121006,ERA5_2xCoarse
1,1,0.46059674471616746,ERA5_2xCoarse
2,0,0.12851876020431516,ERA5_2xCoarse
3,1,0.08280562013387677,ERA5_2xCoarse
4,0,0.6582653984427452,ERA5_2xCoarse
5,1,0.3636053740978241,ERA5_2xCoarse
6,0,0.06748232591198752,ERA5_2xCoarse
7,1,0.8708683729171753,ERA5_2xCoarse
8,0,0.8819743871688843,ERA5_2xCoarse
9,1,0.6800033926963807,ERA5_2xCoarse
10,0,0.6375750333070755,ERA5_2xCoarse
11,1,0.8246477782726288,ERA5_2xCoarse
12,0,0.07610433604568238,ERA5_2xCoarse
13,1,0.6615350365638732,ERA5_2xCoarse
14,0,0.28237444348633284,ERA5_2xCoarse
15,1,0.7756183028221131,ERA5_2xCoarse
16,0,0.5784752875566482,ERA5_2xCoarse
17,1,0.8477263152599335,ERA5_2xCoarse
18,0,0.08924204222857948,ERA5_2xCoarse
19,1,0.7687708556652069,ERA5_2xCoarse
20,0,0.7852474808692932,ERA5_2xCoarse
21,1,0.6009556144475937,ERA5_2xCoarse
22,0,0.860908517241478,ERA5_2xCoarse
23,1,0.7579389810562134,ERA5_2xCoarse
24,0,0.08871552292257542,ERA5_2xCoarse
25,1,0.8809446513652801,ERA5_2xCoarse
26,0,0.1817315006628632,ERA5_2xCoarse
27,1,0.4503136307001114,ERA5_2xCoarse
28,0,0.2757902711629867,ERA5_2xCoarse
29,1,0.5395918756723403,ERA5_2xCoarse
30,0,0.14707396216690535,ERA5_2xCoarse
31,1,0.7613073408603668,ERA5_2xCoarse
32,0,0.19151428863406178,ERA5_2xCoarse
33,1,0.8086454510688782,ERA5_2xCoarse
34,0,0.6411568313837052,ERA5_2xCoarse
35,1,0.594757467508316,ERA5_2xCoarse
36,0,0.1521493893116712,ERA5_2xCoarse
37,1,0.39579737931489944,ERA5_2xCoarse
38,0,0.1610641699749976,ERA5_2xCoarse
39,1,0.3569969400763512,ERA5_2xCoarse
40,0,0.6236766517162323,ERA5_2xCoarse
41,1,0.713548070192337,ERA5_2xCoarse
42,0,0.23853865265846247,ERA5_2xCoarse
43,1,0.28478910177946093,ERA5_2xCoarse
44,0,0.15343676358461375,ERA5_2xCoarse
45,1,0.23399122506380082,ERA5_2xCoarse
46,0,0.5566655024886131,ERA5_2xCoarse
47,1,0.5738449811935424,ERA5_2xCoarse
48,0,0.8077547907829284,ERA5_2xCoarse
49,1,0.521244364976883,ERA5_2xCoarse
50,0,0.5275387082248926,ERA5_2xCoarse
51,1,0.547439543902874,ERA5_2xCoarse
52,0,0.6954947054386139,ERA5_2xCoarse
53,1,0.49646888822317126,ERA5_2xCoarse
54,0,0.06954858863027763,ERA5_2xCoarse
55,1,0.9490349471569062,ERA5_2xCoarse
56,0,0.4188497632741928,ERA5_2xCoarse
57,1,0.9202444076538085,ERA5_2xCoarse
58,0,0.06666300129145378,ERA5_2xCoarse
59,1,0.9380563616752624,ERA5_2xCoarse
60,0,0.06070267688482996,ERA5_2xCoarse
61,1,0.9609128415584565,ERA5_2xCoarse
62,0,0.1188518069684505,ERA5_2xCoarse
63,1,0.6964633107185364,ERA5_2xCoarse
64,0,0.03567051787395025,ERA5_2xCoarse
65,1,0.88205686211586,ERA5_2xCoarse
66,0,0.5082315474748611,ERA5_2xCoarse
67,1,0.6949659794569015,ERA5_2xCoarse
68,0,0.7254203617572784,ERA5_2xCoarse
69,1,0.8135246247053146,ERA5_2xCoarse
70,0,0.9069696009159088,ERA5_2xCoarse
71,1,0.7245789885520935,ERA5_2xCoarse
72,0,0.01536710690706965,ERA5_2xCoarse
73,1,0.04749993877485389,ERA5_2xCoarse
74,0,0.6525313198566437,ERA5_2xCoarse
75,1,0.9474704325199127,ERA5_2xCoarse
76,0,0.7718411356210708,ERA5_2xCoarse
77,1,0.939733910560608,ERA5_2xCoarse
78,0,0.07508529033511872,ERA5_2xCoarse
79,1,0.8959620296955109,ERA5_2xCoarse
80,0,0.15807278677821154,ERA5_2xCoarse
81,1,0.35142395198345183,ERA5_2xCoarse
82,0,0.734833511710167,ERA5_2xCoarse
83,1,0.8491621792316437,ERA5_2xCoarse
84,0,0.9679276883602143,ERA5_2xCoarse
85,1,0.9522680222988129,ERA5_2xCoarse
86,0,0.38582838475704195,ERA5_2xCoarse
87,1,0.2352278925478458,ERA5_2xCoarse
88,0,0.35965350419282915,ERA5_2xCoarse
89,1,0.21512973159551615,ERA5_2xCoarse
90,0,0.11105982568114992,ERA5_2xCoarse
91,1,0.6111424922943115,ERA5_2xCoarse
92,0,0.05840180171653623,ERA5_2xCoarse
93,1,0.9438167154788971,ERA5_2xCoarse
94,0,0.8557621717453003,ERA5_2xCoarse
95,1,0.7706530660390853,ERA5_2xCoarse
96,0,0.7484664142131805,ERA5_2xCoarse
97,1,0.6387137696146965,ERA5_2xCoarse
98,0,0.81240154504776,ERA5_2xCoarse
99,1,0.9123917996883393,ERA5_2xCoarse
100,0,0.1488751516677439,ERA5_2xCoarse
101,1,0.959855604171753,ERA5_2xCoarse
102,0,0.23039860427379608,ERA5_2xCoarse
103,1,0.9580386638641357,ERA5_2xCoarse
104,0,0.1979858964681625,ERA5_2xCoarse
105,1,0.8677097856998444,ERA5_2xCoarse
106,0,0.09030687650665638,ERA5_2xCoarse
107,1,0.6566507071256638,ERA5_2xCoarse
108,0,0.04595588799566026,ERA5_2xCoarse
109,1,0.8922111809253692,ERA5_2xCoarse
110,0,0.2082791808992624,ERA5_2xCoarse
111,1,0.5023698076605797,ERA5_2xCoarse
112,0,0.04268509326502675,ERA5_2xCoarse
113,1,0.9128521680831909,ERA5_2xCoarse
114,0,0.9040164589881897,ERA5_2xCoarse
115,1,0.9513423919677735,ERA5_2xCoarse
116,0,0.6252538293600083,ERA5_2xCoarse
117,1,0.7939544022083282,ERA5_2xCoarse
118,0,0.15136373955756421,ERA5_2xCoarse
119,1,0.9578473031520843,ERA5_2xCoarse
120,0,0.09129086360335345,ERA5_2xCoarse
121,1,0.9688122510910034,ERA5_2xCoarse
122,0,0.050213420856744,ERA5_2xCoarse
123,1,0.07047678187955167,ERA5_2xCoarse
124,0,0.9086975038051606,ERA5_2xCoarse
125,1,0.8468444347381592,ERA5_2xCoarse
126,0,0.08516690758988257,ERA5_2xCoarse
127,1,0.48630412817001345,ERA5_2xCoarse
128,0,0.01774198237108062,ERA5_2xCoarse
129,1,0.7970216453075409,ERA5_2xCoarse
130,0,0.24597645923495293,ERA5_2xCoarse
131,1,0.899202698469162,ERA5_2xCoarse
132,0,0.05630528628826138,ERA5_2xCoarse
133,1,0.3747774764895439,ERA5_2xCoarse
134,0,0.5535225629806518,ERA5_2xCoarse
135,1,0.5384890347719192,ERA5_2xCoarse
136,0,0.7255329847335815,ERA5_2xCoarse
137,1,0.9657778143882751,ERA5_2xCoarse
138,0,0.6638731807470322,ERA5_2xCoarse
139,1,0.9161473155021668,ERA5_2xCoarse
140,0,0.03976519508287306,ERA5_2xCoarse
141,1,0.8842692852020264,ERA5_2xCoarse
142,0,0.11977674588561053,ERA5_2xCoarse
143,1,0.7421120047569275,ERA5_2xCoarse
144,0,0.6561026602983475,ERA5_2xCoarse
145,1,0.5211387403309345,ERA5_2xCoarse
146,0,0.05598405990749593,ERA5_2xCoarse
147,1,0.9565836668014527,ERA5_2xCoarse
148,0,0.13574491748586293,ERA5_2xCoarse
149,1,0.4145167425274849,ERA5_2xCoarse
150,0,0.010728654125705301,ERA5_2xCoarse
151,1,0.7598555624485016,ERA5_2xCoarse
152,0,0.04986804015934464,ERA5_2xCoarse
153,1,0.9688090682029724,ERA5_2xCoarse
154,0,0.48054514415562155,ERA5_2xCoarse
155,1,0.3980901930481195,ERA5_2xCoarse
156,0,0.01618949485709887,ERA5_2xCoarse
157,1,0.6870007395744324,ERA5_2xCoarse
158,0,0.5719302147626877,ERA5_2xCoarse
159,1,0.9642601072788238,ERA5_2xCoarse
160,0,0.1501601181924343,ERA5_2xCoarse
161,1,0.8060567677021027,ERA5_2xCoarse
162,0,0.03623054102063174,ERA5_2xCoarse
163,1,0.9652199447154999,ERA5_2xCoarse
164,0,0.01046880761859933,ERA5_2xCoarse
165,1,0.699496540427208,ERA5_2xCoarse
166,0,0.3045278862118721,ERA5_2xCoarse
167,1,0.39341615289449694,ERA5_2xCoarse
168,0,0.33858318626880646,ERA5_2xCoarse
169,1,0.4147722780704498,ERA5_2xCoarse
170,0,0.5226142860949039,ERA5_2xCoarse
171,1,0.780783799290657,ERA5_2xCoarse
172,0,0.7057925269007683,ERA5_2xCoarse
173,1,0.5161530517041684,ERA5_2xCoarse
174,0,0.36541896536946294,ERA5_2xCoarse
175,1,0.614352910220623,ERA5_2xCoarse
176,0,0.5060460507869721,ERA5_2xCoarse
177,1,0.8512944579124451,ERA5_2xCoarse
178,0,0.16537617794238027,ERA5_2xCoarse
179,1,0.7924791216850281,ERA5_2xCoarse
180,0,0.5413595132529736,ERA5_2xCoarse
181,1,0.849874347448349,ERA5_2xCoarse
182,0,0.4955219179391861,ERA5_2xCoarse
183,1,0.8401701271533966,ERA5_2xCoarse
184,0,0.02548909697216,ERA5_2xCoarse
185,1,0.8341337084770203,ERA5_2xCoarse
186,0,0.033785608632024317,ERA5_2xCoarse
187,1,0.7859388291835785,ERA5_2xCoarse
188,0,0.39453721046447754,ERA5_2xCoarse
189,1,0.7553427457809448,ERA5_2xCoarse
190,0,0.41514322236180307,ERA5_2xCoarse
191,1,0.31546535640954965,ERA5_2xCoarse
192,0,0.7737968444824219,ERA5_2xCoarse
193,1,0.8017348051071167,ERA5_2xCoarse
194,0,0.3417551886988804,ERA5_2xCoarse
195,1,0.22775456905364985,ERA5_2xCoarse
196,0,0.6514590799808502,ERA5_2xCoarse
197,1,0.968482255935669,ERA5_2xCoarse
198,0,0.054126218799501614,ERA5_2xCoarse
199,1,0.906117832660675,ERA5_2xCoarse
200,0,0.05370411071926351,ERA5_2xCoarse
201,1,0.9732767701148987,ERA5_2xCoarse
202,0,0.02629545116797083,ERA5_2xCoarse
203,1,0.32915903553366654,ERA5_2xCoarse
204,0,0.6608344599604606,ERA5_2xCoarse
205,1,0.7281239211559296,ERA5_2xCoarse
206,0,0.01335386921418825,ERA5_2xCoarse
207,1,0.3986652135848999,ERA5_2xCoarse
208,0,0.04591855884063984,ERA5_2xCoarse
209,1,0.952290290594101,ERA5_2xCoarse
210,0,0.08623884599655861,ERA5_2xCoarse
211,1,0.9404945611953736,ERA5_2xCoarse
212,0,0.8274249494075775,ERA5_2xCoarse
213,1,0.6394519224762917,ERA5_2xCoarse
214,0,0.08839253908954556,ERA5_2xCoarse
215,1,0.9225642263889313,ERA5_2xCoarse
216,0,0.04691021619364614,ERA5_2xCoarse
217,1,0.9762942671775818,ERA5_2xCoarse
218,0,0.01903774035163219,ERA5_2xCoarse
219,1,0.4329519923776388,ERA5_2xCoarse
220,0,0.82848562002182,ERA5_2xCoarse
221,1,0.5676948577165604,ERA5_2xCoarse
222,0,0.719025756418705,ERA5_2xCoarse
223,1,0.7973762392997742,ERA5_2xCoarse
224,0,0.5322411090135575,ERA5_2xCoarse
225,1,0.6371110498905181,ERA5_2xCoarse
226,0,0.15213125431910152,ERA5_2xCoarse
227,1,0.5866082459688187,ERA5_2xCoarse
228,0,0.7116207182407379,ERA5_2xCoarse
229,1,0.7304462283849716,ERA5_2xCoarse
230,0,0.6165036261081696,ERA5_2xCoarse
231,1,0.3392637953162193,ERA5_2xCoarse
232,0,0.3655777305364608,ERA5_2xCoarse
233,1,0.7374127030372619,ERA5_2xCoarse
234,0,0.12776920646429057,ERA5_2xCoarse
235,1,0.8805963218212127,ERA5_2xCoarse
236,0,0.24183226088061924,ERA5_2xCoarse
237,1,0.4894739747047424,ERA5_2xCoarse
238,0,0.3124812752008438,ERA5_2xCoarse
239,1,0.6281697750091553,ERA5_2xCoarse
240,0,0.3819921061396599,ERA5_2xCoarse
241,1,0.5586198925971985,ERA5_2xCoarse
242,0,0.2717925157397985,ERA5_2xCoarse
243,1,0.5537474036216736,ERA5_2xCoarse
244,0,0.5909248419106007,ERA5_2xCoarse
245,1,0.8412519812583923,ERA5_2xCoarse
246,0,0.14301360286772247,ERA5_2xCoarse
247,1,0.34718361757695676,ERA5_2xCoarse
248,0,0.00886134854517872,ERA5_2xCoarse
249,1,0.8111820220947266,ERA5_2xCoarse
250,0,0.16770513355731959,ERA5_2xCoarse
251,1,0.8293712437152863,ERA5_2xCoarse
252,0,0.10715121026150878,ERA5_2xCoarse
253,1,0.6777908205986023,ERA5_2xCoarse
254,0,0.3201794215012342,ERA5_2xCoarse
255,1,0.7629371345043182,ERA5_2xCoarse
256,0,0.5169030804187059,ERA5_2xCoarse
257,1,0.7902190268039704,ERA5_2xCoarse
258,0,0.14123859507963057,ERA5_2xCoarse
259,1,0.7699779093265533,ERA5_2xCoarse
260,0,0.10693080350756642,ERA5_2xCoarse
261,1,0.7060579851269722,ERA5_2xCoarse
262,0,0.0785682438872754,ERA5_2xCoarse
263,1,0.9313972353935241,ERA5_2xCoarse
264,0,0.41134051969274876,ERA5_2xCoarse
265,1,0.7460012853145599,ERA5_2xCoarse
266,0,0.22314325794577594,ERA5_2xCoarse
267,1,0.5486679464578629,ERA5_2xCoarse
268,0,0.7464767664670944,ERA5_2xCoarse
269,1,0.6109335973858834,ERA5_2xCoarse
270,0,0.2577523488551378,ERA5_2xCoarse
271,1,0.9235317289829255,ERA5_2xCoarse
272,0,0.046062671393156014,ERA5_2xCoarse
273,1,0.16119719983544195,ERA5_2xCoarse
274,0,0.3481912463903427,ERA5_2xCoarse
275,1,0.8963758945465088,ERA5_2xCoarse
276,0,0.33322041109204287,ERA5_2xCoarse
277,1,0.43888782486319544,ERA5_2xCoarse
278,0,0.1612051228061318,ERA5_2xCoarse
279,1,0.9057098984718323,ERA5_2xCoarse
280,0,0.2819378942251205,ERA5_2xCoarse
281,1,0.5028796195983887,ERA5_2xCoarse
282,0,0.10768446139991279,ERA5_2xCoarse
283,1,0.7481282681226731,ERA5_2xCoarse
284,0,0.07136372784152623,ERA5_2xCoarse
285,1,0.8650034010410309,ERA5_2xCoarse
286,0,0.241928094625473,ERA5_2xCoarse
287,1,0.5961023479700088,ERA5_2xCoarse
288,0,0.6114430204033852,ERA5_2xCoarse
289,1,0.9243116915225983,ERA5_2xCoarse
290,0,0.30284029468894,ERA5_2xCoarse
291,1,0.3597630560398102,ERA5_2xCoarse
292,0,0.049924870673567004,ERA5_2xCoarse
293,1,0.8899587154388428,ERA5_2xCoarse
294,0,0.02629098379984492,ERA5_2xCoarse
295,1,0.46264021545648576,ERA5_2xCoarse
296,0,0.600915402173996,ERA5_2xCoarse
297,1,0.9490565180778503,ERA5_2xCoarse
298,0,0.11948865815065797,ERA5_2xCoarse
299,1,0.6990935027599334,ERA5_2xCoarse
300,0,0.07233400407712902,ERA5_2xCoarse
301,1,0.8057258069515228,ERA5_2xCoarse
302,0,0.7893949031829834,ERA5_2xCoarse
303,1,0.8612888276576995,ERA5_2xCoarse
304,0,0.5032346546649933,ERA5_2xCoarse
305,1,0.7689190208911896,ERA5_2xCoarse
306,0,0.05887181530706579,ERA5_2xCoarse
307,1,0.9540235340595246,ERA5_2xCoarse
308,0,0.1893445938825607,ERA5_2xCoarse
309,1,0.9324435889720917,ERA5_2xCoarse
310,0,0.13225656533613797,ERA5_2xCoarse
311,1,0.8784167885780334,ERA5_2xCoarse
312,0,0.07863608319312332,ERA5_2xCoarse
313,1,0.9346707403659821,ERA5_2xCoarse
314,0,0.14028962810989465,ERA5_2xCoarse
315,1,0.06493387389928099,ERA5_2xCoarse
316,0,0.2919647820293903,ERA5_2xCoarse
317,1,0.8162637919187545,ERA5_2xCoarse
318,0,0.11435977455694224,ERA5_2xCoarse
319,1,0.9684654355049134,ERA5_2xCoarse
320,0,0.08282525241374966,ERA5_2xCoarse
321,1,0.8998178541660309,ERA5_2xCoarse
322,0,0.2936615087091923,ERA5_2xCoarse
323,1,0.8792285621166229,ERA5_2xCoarse
324,0,0.22767616226337845,ERA5_2xCoarse
325,1,0.5944301456212997,ERA5_2xCoarse
326,0,0.16911498340778047,ERA5_2xCoarse
327,1,0.744024732708931,ERA5_2xCoarse
328,0,0.09057075092568989,ERA5_2xCoarse
329,1,0.7429147660732269,ERA5_2xCoarse
330,0,0.01581553107826034,ERA5_2xCoarse
331,1,0.4909909047186375,ERA5_2xCoarse
332,0,0.04478354812599715,ERA5_2xCoarse
333,1,0.8703965604305267,ERA5_2xCoarse
334,0,0.01520936712622637,ERA5_2xCoarse
335,1,0.21688874568790192,ERA5_2xCoarse
336,0,0.6250103920698166,ERA5_2xCoarse
337,1,0.8653776347637177,ERA5_2xCoarse
338,0,0.07286368813365693,ERA5_2xCoarse
339,1,0.09975493652746079,ERA5_2xCoarse
340,0,0.349054941534996,ERA5_2xCoarse
341,1,0.3066114112734794,ERA5_2xCoarse
342,0,0.11812889473512764,ERA5_2xCoarse
343,1,0.8083254218101501,ERA5_2xCoarse
344,0,0.145817750506103,ERA5_2xCoarse
345,1,0.8846421778202057,ERA5_2xCoarse
346,0,0.22518664300441738,ERA5_2xCoarse
347,1,0.8628672003746033,ERA5_2xCoarse
348,0,0.25520937070250505,ERA5_2xCoarse
349,1,0.9217166543006897,ERA5_2xCoarse
350,0,0.09356381483376024,ERA5_2xCoarse
351,1,0.8452122151851654,ERA5_2xCoarse
352,0,0.06954724937677378,ERA5_2xCoarse
353,1,0.6034355871379375,ERA5_2xCoarse
354,0,0.2346148224547505,ERA5_2xCoarse
355,1,0.8680102825164795,ERA5_2xCoarse
356,0,0.4448001757264137,ERA5_2xCoarse
357,1,0.7933697164058685,ERA5_2xCoarse
358,0,0.12678488530218596,ERA5_2xCoarse
359,1,0.6663938403129578,ERA5_2xCoarse
360,0,0.27261721119284626,ERA5_2xCoarse
361,1,0.2562298573553562,ERA5_2xCoarse
362,0,0.11793766692280765,ERA5_2xCoarse
363,1,0.2052357282489538,ERA5_2xCoarse
364,0,0.15150489620864385,ERA5_2xCoarse
365,1,0.9193397164344788,ERA5_2xCoarse
366,0,0.23886342570185656,ERA5_2xCoarse
367,1,0.5606590941548347,ERA5_2xCoarse
368,0,0.16064869519323105,ERA5_2xCoarse
369,1,0.8607249855995178,ERA5_2xCoarse
370,0,0.07477997653186318,ERA5_2xCoarse
371,1,0.7438302278518677,ERA5_2xCoarse
372,0,0.4988050781190395,ERA5_2xCoarse
373,1,0.8496870398521423,ERA5_2xCoarse
374,0,0.0864171918481588,ERA5_2xCoarse
375,1,0.0581685912678949,ERA5_2xCoarse
376,0,0.269283414632082,ERA5_2xCoarse
377,1,0.5946358442306519,ERA5_2xCoarse
378,0,0.1265125421341508,ERA5_2xCoarse
379,1,0.5721501052379608,ERA5_2xCoarse
380,0,0.4200790345668793,ERA5_2xCoarse
381,1,0.6804737448692322,ERA5_2xCoarse
382,0,0.2092642560601234,ERA5_2xCoarse
383,1,0.40229464918375013,ERA5_2xCoarse
384,0,0.046019622404128255,ERA5_2xCoarse
385,1,0.9246449828147888,ERA5_2xCoarse
386,0,0.0824573496356606,ERA5_2xCoarse
387,1,0.7193799644708634,ERA5_2xCoarse
388,0,0.07179283462464806,ERA5_2xCoarse
389,1,0.7659500181674957,ERA5_2xCoarse
390,0,0.12846138738095755,ERA5_2xCoarse
391,1,0.6412985175848007,ERA5_2xCoarse
392,0,0.15894427932798857,ERA5_2xCoarse
393,1,0.7318014442920685,ERA5_2xCoarse
394,0,0.1941532586701214,ERA5_2xCoarse
395,1,0.650231996178627,ERA5_2xCoarse
396,0,0.0525042924797162,ERA5_2xCoarse
397,1,0.6671897545456886,ERA5_2xCoarse
398,0,0.17885462343692776,ERA5_2xCoarse
399,1,0.5018691346049309,ERA5_2xCoarse
400,0,0.12193560097366567,ERA5_2xCoarse
401,1,0.339904873073101,ERA5_2xCoarse
402,0,0.5805916465818882,ERA5_2xCoarse
403,1,0.9138679444789887,ERA5_2xCoarse
0,0,0.5248164415359498,JRA3Q
1,1,0.4224149167537689,JRA3Q
2,0,0.6925520837306977,JRA3Q
3,1,0.19982984811067578,JRA3Q
4,0,0.719431734085083,JRA3Q
5,1,0.6514185935258865,JRA3Q
6,0,0.21420935280621048,JRA3Q
7,1,0.6429855525493622,JRA3Q
8,0,0.7464968085289001,JRA3Q
9,1,0.4741771787405014,JRA3Q
10,0,0.7081932127475739,JRA3Q
11,1,0.6375394567847252,JRA3Q
12,0,0.19666370861232277,JRA3Q
13,1,0.8482710897922516,JRA3Q
14,0,0.26159455552697175,JRA3Q
15,1,0.8655726999044419,JRA3Q
16,0,0.5400462567806243,JRA3Q
17,1,0.7388854444026947,JRA3Q
18,0,0.2119819931685924,JRA3Q
19,1,0.7208500623703002,JRA3Q
20,0,0.7289841145277023,JRA3Q
21,1,0.5222785621881485,JRA3Q
22,0,0.7817168593406677,JRA3Q
23,1,0.8442714035511016,JRA3Q
24,0,0.27896349909715357,JRA3Q
25,1,0.7630645036697388,JRA3Q
26,0,0.1785200262907892,JRA3Q
27,1,0.4339138574898243,JRA3Q
28,0,0.1244583763182163,JRA3Q
29,1,0.41035955399274826,JRA3Q
30,0,0.31624109297990793,JRA3Q
31,1,0.7453867793083191,JRA3Q
32,0,0.33619891367852683,JRA3Q
33,1,0.8094961702823639,JRA3Q
34,0,0.6156227871775627,JRA3Q
35,1,0.3148750405758619,JRA3Q
36,0,0.27686205059289926,JRA3Q
37,1,0.31278053522109983,JRA3Q
38,0,0.3178546061739325,JRA3Q
39,1,0.21599016995169218,JRA3Q
40,0,0.5889830946922302,JRA3Q
41,1,0.465507597476244,JRA3Q
42,0,0.3591667484492063,JRA3Q
43,1,0.3473487555980682,JRA3Q
44,0,0.27716541900299485,JRA3Q
45,1,0.19904479980468748,JRA3Q
46,0,0.646549654006958,JRA3Q
47,1,0.25590466223657127,JRA3Q
48,0,0.8009086906909942,JRA3Q
49,1,0.7377165198326111,JRA3Q
50,0,0.8093442320823669,JRA3Q
51,1,0.5475603833794593,JRA3Q
52,0,0.8238190293312073,JRA3Q
53,1,0.6362148478627205,JRA3Q
54,0,0.13282722830772395,JRA3Q
55,1,0.9515003681182861,JRA3Q
56,0,0.4400820374488831,JRA3Q
57,1,0.9644306063652038,JRA3Q
58,0,0.15393893960863347,JRA3Q
59,1,0.9507970631122589,JRA3Q
60,0,0.13452428753953422,JRA3Q
61,1,0.9519232630729675,JRA3Q
62,0,0.20187111124396323,JRA3Q
63,1,0.7907512843608856,JRA3Q
64,0,0.07649858309887345,JRA3Q
65,1,0.9546319484710694,JRA3Q
66,0,0.18031089212745427,JRA3Q
67,1,0.5166846506297589,JRA3Q
68,0,0.73086197078228,JRA3Q
69,1,0.8397299110889435,JRA3Q
70,0,0.854310131072998,JRA3Q
71,1,0.22052180282771583,JRA3Q
72,0,0.32389253061264756,JRA3Q
73,1,0.46667304039001467,JRA3Q
74,0,0.4736724741756916,JRA3Q
75,1,0.9258268356323243,JRA3Q
76,0,0.5949251651763916,JRA3Q
77,1,0.9397067070007324,JRA3Q
78,0,0.1431616278365254,JRA3Q
79,1,0.9260387182235718,JRA3Q
80,0,0.2049156723544001,JRA3Q
81,1,0.22933837659657003,JRA3Q
82,0,0.8433923840522766,JRA3Q
83,1,0.8772449910640716,JRA3Q
84,0,0.9751684367656708,JRA3Q
85,1,0.9665626764297486,JRA3Q
86,0,0.6383262693881988,JRA3Q
87,1,0.3625637732446193,JRA3Q
88,0,0.3225070178508758,JRA3Q
89,1,0.25298416092991827,JRA3Q
90,0,0.12593894060701127,JRA3Q
91,1,0.5798017501831054,JRA3Q
92,0,0.09498125910758967,JRA3Q
93,1,0.8993755459785462,JRA3Q
94,0,0.7490313827991486,JRA3Q
95,1,0.5975559085607529,JRA3Q
96,0,0.3097126085311174,JRA3Q
97,1,0.4986249651759863,JRA3Q
98,0,0.8411557137966156,JRA3Q
99,1,0.8639074444770813,JRA3Q
100,0,0.16875035464763638,JRA3Q
101,1,0.9396441400051116,JRA3Q
102,0,0.2105103868991136,JRA3Q
103,1,0.9442258834838867,JRA3Q
104,0,0.2690090551972389,JRA3Q
105,1,0.847064059972763,JRA3Q
106,0,0.24482413977384562,JRA3Q
107,1,0.7010090589523316,JRA3Q
108,0,0.19678657464683053,JRA3Q
109,1,0.8344097673892975,JRA3Q
110,0,0.2680974118411541,JRA3Q
111,1,0.639695206284523,JRA3Q
112,0,0.19212873959913848,JRA3Q
113,1,0.92912957072258,JRA3Q
114,0,0.6408528491854668,JRA3Q
115,1,0.6750606670975685,JRA3Q
116,0,0.4510508611798286,JRA3Q
117,1,0.46978351920843125,JRA3Q
118,0,0.16732654161751265,JRA3Q
119,1,0.9554599940776825,JRA3Q
120,0,0.28934160750359295,JRA3Q
121,1,0.9463689446449279,JRA3Q
122,0,0.07497175997123118,JRA3Q
123,1,0.2064531739801168,JRA3Q
124,0,0.9164944112300872,JRA3Q
125,1,0.8571667373180389,JRA3Q
126,0,0.25404502842575305,JRA3Q
127,1,0.28852004706859585,JRA3Q
128,0,0.15165097052231427,JRA3Q
129,1,0.6383951336145401,JRA3Q
130,0,0.3806379288434982,JRA3Q
131,1,0.814402312040329,JRA3Q
132,0,0.08861948903650041,JRA3Q
133,1,0.21979201510548588,JRA3Q
134,0,0.3098176881670952,JRA3Q
135,1,0.6250727981328964,JRA3Q
136,0,0.6800645053386688,JRA3Q
137,1,0.9705074608325959,JRA3Q
138,0,0.7853389292955398,JRA3Q
139,1,0.9161490559577942,JRA3Q
140,0,0.18571588424965735,JRA3Q
141,1,0.7368289411067963,JRA3Q
142,0,0.12713936930522318,JRA3Q
143,1,0.8697175741195678,JRA3Q
144,0,0.719061890244484,JRA3Q
145,1,0.059780980600044074,JRA3Q
146,0,0.10219393698498602,JRA3Q
147,1,0.9785886228084564,JRA3Q
148,0,0.33402213342487813,JRA3Q
149,1,0.3394916176795959,JRA3Q
150,0,0.10112601704895494,JRA3Q
151,1,0.7652743875980377,JRA3Q
152,0,0.18539744429290292,JRA3Q
153,1,0.9454909265041351,JRA3Q
154,0,0.7449466288089752,JRA3Q
155,1,0.2621822007000446,JRA3Q
156,0,0.06246463097631928,JRA3Q
157,1,0.8023468911647796,JRA3Q
158,0,0.3160065867006779,JRA3Q
159,1,0.9651298880577087,JRA3Q
160,0,0.11988897169940169,JRA3Q
161,1,0.8344597518444061,JRA3Q
162,0,0.07655792145524168,JRA3Q
163,1,0.9763501882553101,JRA3Q
164,0,0.06849424075335257,JRA3Q
165,1,0.40804888755083085,JRA3Q
166,0,0.30498896986246105,JRA3Q
167,1,0.6316160261631012,JRA3Q
168,0,0.21919960267841815,JRA3Q
169,1,0.26669837012887,JRA3Q
170,0,0.3002421412616968,JRA3Q
171,1,0.7374108672142029,JRA3Q
172,0,0.8285715341567993,JRA3Q
173,1,0.8420108735561371,JRA3Q
174,0,0.24820824633352453,JRA3Q
175,1,0.7756105124950409,JRA3Q
176,0,0.4981160890311003,JRA3Q
177,1,0.7807396233081818,JRA3Q
178,0,0.06219847677275535,JRA3Q
179,1,0.6694011270999909,JRA3Q
180,0,0.49957171119749544,JRA3Q
181,1,0.9041001319885253,JRA3Q
182,0,0.7910672664642334,JRA3Q
183,1,0.8751385152339936,JRA3Q
184,0,0.08562021795660255,JRA3Q
185,1,0.5719463437795639,JRA3Q
186,0,0.06375226965174075,JRA3Q
187,1,0.7952195197343827,JRA3Q
188,0,0.5620789229869843,JRA3Q
189,1,0.683160611987114,JRA3Q
190,0,0.636058522760868,JRA3Q
191,1,0.1544722948223352,JRA3Q
192,0,0.7628010630607605,JRA3Q
193,1,0.5948906183242798,JRA3Q
194,0,0.37861892729997637,JRA3Q
195,1,0.2988387402147054,JRA3Q
196,0,0.4958152875304222,JRA3Q
197,1,0.96755730509758,JRA3Q
198,0,0.49309141812846063,JRA3Q
199,1,0.7559355676174164,JRA3Q
200,0,0.10719029679894446,JRA3Q
201,1,0.9116340279579163,JRA3Q
202,0,0.05663864063099022,JRA3Q
203,1,0.39705764297395946,JRA3Q
204,0,0.5718748360872269,JRA3Q
205,1,0.6116469919681549,JRA3Q
206,0,0.051616042479872656,JRA3Q
207,1,0.3953972959890962,JRA3Q
208,0,0.08835085043683644,JRA3Q
209,1,0.9557148218154907,JRA3Q
210,0,0.6921686857938767,JRA3Q
211,1,0.673711558431387,JRA3Q
212,0,0.7572909951210022,JRA3Q
213,1,0.7542900979518891,JRA3Q
214,0,0.5179191440343857,JRA3Q
215,1,0.6785856314003468,JRA3Q
216,0,0.10866557415574785,JRA3Q
217,1,0.9531466484069824,JRA3Q
218,0,0.056621453538536995,JRA3Q
219,1,0.5347884962335229,JRA3Q
220,0,0.7207243792712689,JRA3Q
221,1,0.7401993632316589,JRA3Q
222,0,0.5888869345188141,JRA3Q
223,1,0.7272418797016144,JRA3Q
224,0,0.7631814986467361,JRA3Q
225,1,0.5700971513986588,JRA3Q
226,0,0.20711866840720172,JRA3Q
227,1,0.6263093769550323,JRA3Q
228,0,0.7265568733215332,JRA3Q
229,1,0.7391440153121949,JRA3Q
230,0,0.777099221944809,JRA3Q
231,1,0.08564135190099474,JRA3Q
232,0,0.26802212260663505,JRA3Q
233,1,0.7022494792938232,JRA3Q
234,0,0.19647813923656937,JRA3Q
235,1,0.8440910875797272,JRA3Q
236,0,0.2086928846314549,JRA3Q
237,1,0.7435528069734574,JRA3Q
238,0,0.3550505526363849,JRA3Q
239,1,0.5670313067734242,JRA3Q
240,0,0.32635065428912635,JRA3Q
241,1,0.4799299702048302,JRA3Q
242,0,0.1423281772062182,JRA3Q
243,1,0.5180746376514435,JRA3Q
244,0,0.6652740001678467,JRA3Q
245,1,0.8105180382728576,JRA3Q
246,0,0.11330563304945822,JRA3Q
247,1,0.5277342230081559,JRA3Q
248,0,0.0989567870739847,JRA3Q
249,1,0.7173750221729278,JRA3Q
250,0,0.11983464695513243,JRA3Q
251,1,0.8221185743808747,JRA3Q
252,0,0.08685383480042215,JRA3Q
253,1,0.7583945870399476,JRA3Q
254,0,0.39896230548620226,JRA3Q
255,1,0.8221638560295105,JRA3Q
256,0,0.7648008286952972,JRA3Q
257,1,0.6059983015060425,JRA3Q
258,0,0.1532785518094897,JRA3Q
259,1,0.7812940597534179,JRA3Q
260,0,0.13307259404100474,JRA3Q
261,1,0.8312825918197632,JRA3Q
262,0,0.1200964752119034,JRA3Q
263,1,0.9386737585067749,JRA3Q
264,0,0.5046330705285073,JRA3Q
265,1,0.7874378383159637,JRA3Q
266,0,0.29899433404207226,JRA3Q
267,1,0.6715933710336686,JRA3Q
268,0,0.5995895907282829,JRA3Q
269,1,0.6490190684795379,JRA3Q
270,0,0.09461324196308848,JRA3Q
271,1,0.8681453168392181,JRA3Q
272,0,0.2523418933153152,JRA3Q
273,1,0.3339459761977196,JRA3Q
274,0,0.45980564281344416,JRA3Q
275,1,0.9216951966285706,JRA3Q
276,0,0.163197025982663,JRA3Q
277,1,0.3203426757827401,JRA3Q
278,0,0.6320782959461212,JRA3Q
279,1,0.8936253428459168,JRA3Q
280,0,0.2318316906690597,JRA3Q
281,1,0.2880414932966232,JRA3Q
282,0,0.3566736996173858,JRA3Q
283,1,0.6832828879356384,JRA3Q
284,0,0.29086530748754735,JRA3Q
285,1,0.8877926826477051,JRA3Q
286,0,0.17371349614113565,JRA3Q
287,1,0.44425683170557023,JRA3Q
288,0,0.4169526617974043,JRA3Q
289,1,0.9642900824546814,JRA3Q
290,0,0.22646587393246587,JRA3Q
291,1,0.8153675138950348,JRA3Q
292,0,0.1113341430202126,JRA3Q
293,1,0.8345478177070618,JRA3Q
294,0,0.03922430356033142,JRA3Q
295,1,0.7719422906637192,JRA3Q
296,0,0.3586746498942375,JRA3Q
297,1,0.9495893657207489,JRA3Q
298,0,0.19763871207833286,JRA3Q
299,1,0.8674205899238586,JRA3Q
300,0,0.185284218378365,JRA3Q
301,1,0.8801856994628906,JRA3Q
302,0,0.44145024493336676,JRA3Q
303,1,0.8375361144542695,JRA3Q
304,0,0.34340459704399107,JRA3Q
305,1,0.5786152318120003,JRA3Q
306,0,0.12543717008084052,JRA3Q
307,1,0.9775865972042084,JRA3Q
308,0,0.24205171465873715,JRA3Q
309,1,0.8717467904090881,JRA3Q
310,0,0.059477546438574745,JRA3Q
311,1,0.8972944796085358,JRA3Q
312,0,0.17559965969994662,JRA3Q
313,1,0.879400759935379,JRA3Q
314,0,0.2351872888859361,JRA3Q
315,1,0.08612625328823921,JRA3Q
316,0,0.32836047112941735,JRA3Q
317,1,0.3602527387440205,JRA3Q
318,0,0.15204918868839737,JRA3Q
319,1,0.9058297038078308,JRA3Q
320,0,0.11822903873398896,JRA3Q
321,1,0.8464087963104248,JRA3Q
322,0,0.1494157493114471,JRA3Q
323,1,0.7980433285236359,JRA3Q
324,0,0.19922213889658447,JRA3Q
325,1,0.7184630542993545,JRA3Q
326,0,0.11053763777017589,JRA3Q
327,1,0.8289726316928864,JRA3Q
328,0,0.25436316579580304,JRA3Q
329,1,0.8238416016101837,JRA3Q
330,0,0.01946719933766867,JRA3Q
331,1,0.41351907812058925,JRA3Q
332,0,0.06630231346935028,JRA3Q
333,1,0.769669359922409,JRA3Q
334,0,0.24732920117676255,JRA3Q
335,1,0.3039803825318813,JRA3Q
336,0,0.10108160395175214,JRA3Q
337,1,0.7638151347637177,JRA3Q
338,0,0.24692610576748847,JRA3Q
339,1,0.21228895094245667,JRA3Q
340,0,0.15142833255231375,JRA3Q
341,1,0.379039005190134,JRA3Q
342,0,0.08046783427707846,JRA3Q
343,1,0.898902279138565,JRA3Q
344,0,0.15950481407344336,JRA3Q
345,1,0.9183620274066925,JRA3Q
346,0,0.176665990287438,JRA3Q
347,1,0.8729498863220215,JRA3Q
348,0,0.21972820758819575,JRA3Q
349,1,0.8753982901573181,JRA3Q
350,0,0.13354870202019806,JRA3Q
351,1,0.9099110662937164,JRA3Q
352,0,0.2507730346173048,JRA3Q
353,1,0.8987769782543182,JRA3Q
354,0,0.4428888410329819,JRA3Q
355,1,0.8844233870506286,JRA3Q
356,0,0.21942276433110233,JRA3Q
357,1,0.6656573623418808,JRA3Q
358,0,0.1412581857759505,JRA3Q
359,1,0.3604707726277411,JRA3Q
360,0,0.2076232166960835,JRA3Q
361,1,0.08758463989943262,JRA3Q
362,0,0.13568593459203834,JRA3Q
363,1,0.08866128167137499,JRA3Q
364,0,0.4737794384360313,JRA3Q
365,1,0.7577022254467011,JRA3Q
366,0,0.23170118927955624,JRA3Q
367,1,0.570745424926281,JRA3Q
368,0,0.10274846469983456,JRA3Q
369,1,0.7222994402050972,JRA3Q
370,0,0.26261504050344225,JRA3Q
371,1,0.6404261648654938,JRA3Q
372,0,0.49243430243805053,JRA3Q
373,1,0.9001774549484253,JRA3Q
374,0,0.2095258045941591,JRA3Q
375,1,0.2537295378744602,JRA3Q
376,0,0.19671358354389662,JRA3Q
377,1,0.46936652064323425,JRA3Q
378,0,0.3395303588360548,JRA3Q
379,1,0.7316036194562912,JRA3Q
380,0,0.21513376832008357,JRA3Q
381,1,0.4013404868543148,JRA3Q
382,0,0.2405394438654184,JRA3Q
383,1,0.27428321242332454,JRA3Q
384,0,0.145140285603702,JRA3Q
385,1,0.8598213851451874,JRA3Q
386,0,0.28022657036781307,JRA3Q
387,1,0.496005043387413,JRA3Q
388,0,0.10864035766571756,JRA3Q
389,1,0.6493236213922501,JRA3Q
390,0,0.23239922747015948,JRA3Q
391,1,0.5609052985906601,JRA3Q
392,0,0.1944358319044113,JRA3Q
393,1,0.49926751255989077,JRA3Q
394,0,0.2280228403396904,JRA3Q
395,1,0.585492268204689,JRA3Q
396,0,0.09459396619349715,JRA3Q
397,1,0.474005663394928,JRA3Q
398,0,0.10409586438909169,JRA3Q
399,1,0.25759359002113336,JRA3Q
400,0,0.21532972306013104,JRA3Q
401,1,0.6079085290431976,JRA3Q
402,0,0.13867813525721426,JRA3Q
403,1,0.8633900642395019,JRA3Q
0,0,0.6772851675748826,MERRA2
1,1,0.2589473377913236,MERRA2
2,0,0.21055104471743102,MERRA2
3,1,0.033867439348250594,MERRA2
4,0,0.7935206860303878,MERRA2
5,1,0.5539897337555886,MERRA2
6,0,0.07873898092657325,MERRA2
7,1,0.8242435812950134,MERRA2
8,0,0.9317933857440949,MERRA2
9,1,0.7241943001747131,MERRA2
10,0,0.7517776906490325,MERRA2
11,1,0.9466617047786713,MERRA2
12,0,0.26852076202631,MERRA2
13,1,0.8489838242530823,MERRA2
14,0,0.3899657778441906,MERRA2
15,1,0.7066990405321121,MERRA2
16,0,0.33673629220575096,MERRA2
17,1,0.5630950681865216,MERRA2
18,0,0.04317118916660542,MERRA2
19,1,0.7825200140476227,MERRA2
20,0,0.3577723518013954,MERRA2
21,1,0.23181245699524874,MERRA2
22,0,0.8847378611564636,MERRA2
23,1,0.8035462677478791,MERRA2
24,0,0.07249667476862663,MERRA2
25,1,0.8478267699480057,MERRA2
26,0,0.21004487052559848,MERRA2
27,1,0.11506677269935603,MERRA2
28,0,0.07649208055809135,MERRA2
29,1,0.06474334271624678,MERRA2
30,0,0.1492525208741426,MERRA2
31,1,0.7168721050024033,MERRA2
32,0,0.10678452514111994,MERRA2
33,1,0.7514877438545227,MERRA2
34,0,0.5388916701078414,MERRA2
35,1,0.5094361066818237,MERRA2
36,0,0.10041008144617077,MERRA2
37,1,0.4911116361618042,MERRA2
38,0,0.10092372149229045,MERRA2
39,1,0.6179538160562515,MERRA2
40,0,0.8921487390995025,MERRA2
41,1,0.9265768527984619,MERRA2
42,0,0.487049064040184,MERRA2
43,1,0.3715726688504219,MERRA2
44,0,0.1154722874984145,MERRA2
45,1,0.036251969262957554,MERRA2
46,0,0.5589108645915986,MERRA2
47,1,0.5768195331096649,MERRA2
48,0,0.6432401180267334,MERRA2
49,1,0.7053907692432404,MERRA2
50,0,0.6402140811085701,MERRA2
51,1,0.40325104892253877,MERRA2
52,0,0.7236749932169915,MERRA2
53,1,0.3698682188987732,MERRA2
54,0,0.21121574565768242,MERRA2
55,1,0.9089358747005463,MERRA2
56,0,0.6732715368270874,MERRA2
57,1,0.97027086019516,MERRA2
58,0,0.08644938413053746,MERRA2
59,1,0.956751424074173,MERRA2
60,0,0.16955279139801854,MERRA2
61,1,0.9141158938407898,MERRA2
62,0,0.20641782823950047,MERRA2
63,1,0.7141123473644256,MERRA2
64,0,0.06799248997122045,MERRA2
65,1,0.7163765877485275,MERRA2
66,0,0.7003856092691422,MERRA2
67,1,0.804264760017395,MERRA2
68,0,0.768011263012886,MERRA2
69,1,0.9015432178974152,MERRA2
70,0,0.8917958438396454,MERRA2
71,1,0.4646425575017929,MERRA2
72,0,0.07805487737059588,MERRA2
73,1,0.1940400086343288,MERRA2
74,0,0.49799399077892303,MERRA2
75,1,0.9200730681419372,MERRA2
76,0,0.6735782593488693,MERRA2
77,1,0.9415619194507598,MERRA2
78,0,0.1724544639699161,MERRA2
79,1,0.782413637638092,MERRA2
80,0,0.2475508369505405,MERRA2
81,1,0.18010792583227153,MERRA2
82,0,0.789571338891983,MERRA2
83,1,0.7813232719898224,MERRA2
84,0,0.9696469843387604,MERRA2
85,1,0.9150543212890625,MERRA2
86,0,0.5396001879125834,MERRA2
87,1,0.3661299081519246,MERRA2
88,0,0.2967576541006565,MERRA2
89,1,0.23740987628698346,MERRA2
90,0,0.2887915346771478,MERRA2
91,1,0.4318582057952881,MERRA2
92,0,0.15581161268055432,MERRA2
93,1,0.8122587621212005,MERRA2
94,0,0.8344457030296326,MERRA2
95,1,0.3782804161310196,MERRA2
96,0,0.24807579219341278,MERRA2
97,1,0.606034454703331,MERRA2
98,0,0.7618310749530792,MERRA2
99,1,0.7647873401641846,MERRA2
100,0,0.1501430224627256,MERRA2
101,1,0.9614152908325195,MERRA2
102,0,0.16073130369186397,MERRA2
103,1,0.969162893295288,MERRA2
104,0,0.144895976036787,MERRA2
105,1,0.7229227423667908,MERRA2
106,0,0.13930124565958973,MERRA2
107,1,0.6284949630498886,MERRA2
108,0,0.14587359093129632,MERRA2
109,1,0.8400344789028168,MERRA2
110,0,0.3702720984816551,MERRA2
111,1,0.6990704029798508,MERRA2
112,0,0.11068693436682223,MERRA2
113,1,0.9458745062351227,MERRA2
114,0,0.9147672116756439,MERRA2
115,1,0.7788921624422074,MERRA2
116,0,0.5838052183389664,MERRA2
117,1,0.834115844964981,MERRA2
118,0,0.10896249040961262,MERRA2
119,1,0.9424705266952514,MERRA2
120,0,0.20924097243696446,MERRA2
121,1,0.9622863233089447,MERRA2
122,0,0.13046004734933372,MERRA2
123,1,0.13787490427494045,MERRA2
124,0,0.9059247434139251,MERRA2
125,1,0.7462525486946106,MERRA2
126,0,0.24678344950079914,MERRA2
127,1,0.3219062954187393,MERRA2
128,0,0.07688594125211233,MERRA2
129,1,0.8215854406356812,MERRA2
130,0,0.49582087695598603,MERRA2
131,1,0.8223632454872132,MERRA2
132,0,0.1403533820062875,MERRA2
133,1,0.2595839582383632,MERRA2
134,0,0.26622495427727694,MERRA2
135,1,0.7270027816295623,MERRA2
136,0,0.5037408500909806,MERRA2
137,1,0.9860403835773468,MERRA2
138,0,0.5351527407765388,MERRA2
139,1,0.8235004425048829,MERRA2
140,0,0.0522365909069776,MERRA2
141,1,0.9376601874828339,MERRA2
142,0,0.06781198140233752,MERRA2
143,1,0.754200154542923,MERRA2
144,0,0.5105892539024353,MERRA2
145,1,0.08764092377386984,MERRA2
146,0,0.1458298914134502,MERRA2
147,1,0.9741448879241943,MERRA2
148,0,0.122760072723031,MERRA2
149,1,0.2969138689339161,MERRA2
150,0,0.059819107688963355,MERRA2
151,1,0.8463926196098328,MERRA2
152,0,0.14357581324875351,MERRA2
153,1,0.9681390583515167,MERRA2
154,0,0.5434617355465889,MERRA2
155,1,0.16851358721032733,MERRA2
156,0,0.037549561448395205,MERRA2
157,1,0.804526823759079,MERRA2
158,0,0.29136273786425587,MERRA2
159,1,0.9857995271682739,MERRA2
160,0,0.07618332933634515,MERRA2
161,1,0.7228688836097718,MERRA2
162,0,0.16118770074099298,MERRA2
163,1,0.9865592896938324,MERRA2
164,0,0.04946563439443704,MERRA2
165,1,0.7915173888206481,MERRA2
166,0,0.40905257910490034,MERRA2
167,1,0.6581877827644348,MERRA2
168,0,0.3847676725126803,MERRA2
169,1,0.2790583161637187,MERRA2
170,0,0.5911503985524178,MERRA2
171,1,0.60692258477211,MERRA2
172,0,0.854631781578064,MERRA2
173,1,0.7922304570674896,MERRA2
174,0,0.6183125108480454,MERRA2
175,1,0.684780377149582,MERRA2
176,0,0.6893254518508911,MERRA2
177,1,0.8555509209632873,MERRA2
178,0,0.12344907335937019,MERRA2
179,1,0.767481529712677,MERRA2
180,0,0.40906584560871123,MERRA2
181,1,0.7993225038051606,MERRA2
182,0,0.4206458631902933,MERRA2
183,1,0.7312297046184539,MERRA2
184,0,0.06142229917459184,MERRA2
185,1,0.8768055140972137,MERRA2
186,0,0.07499986719340082,MERRA2
187,1,0.8900078713893891,MERRA2
188,0,0.26092367880046363,MERRA2
189,1,0.6202030003070831,MERRA2
190,0,0.3506614491343498,MERRA2
191,1,0.40645843297243117,MERRA2
192,0,0.8039028525352478,MERRA2
193,1,0.6954071909189224,MERRA2
194,0,0.2827868109103292,MERRA2
195,1,0.22331784470006819,MERRA2
196,0,0.5143409639596939,MERRA2
197,1,0.9694737076759339,MERRA2
198,0,0.2688169982284307,MERRA2
199,1,0.7141222178936004,MERRA2
200,0,0.18294113017618654,MERRA2
201,1,0.9246217966079712,MERRA2
202,0,0.04862450435757632,MERRA2
203,1,0.42531473338603976,MERRA2
204,0,0.7467598170042038,MERRA2
205,1,0.8035249173641205,MERRA2
206,0,0.05388663979247207,MERRA2
207,1,0.3787916600704193,MERRA2
208,0,0.12248994223773475,MERRA2
209,1,0.9592268228530884,MERRA2
210,0,0.1127956315875053,MERRA2
211,1,0.8986662805080414,MERRA2
212,0,0.8134633600711823,MERRA2
213,1,0.7463594168424607,MERRA2
214,0,0.26050120536237953,MERRA2
215,1,0.898636382818222,MERRA2
216,0,0.09563813786953684,MERRA2
217,1,0.9478402197360992,MERRA2
218,0,0.0538301438093185,MERRA2
219,1,0.40671890377998354,MERRA2
220,0,0.7713412687182426,MERRA2
221,1,0.7797107219696044,MERRA2
222,0,0.88943510055542,MERRA2
223,1,0.7960910856723785,MERRA2
224,0,0.2662518993020057,MERRA2
225,1,0.25910940468311305,MERRA2
226,0,0.4416846364736557,MERRA2
227,1,0.636455848813057,MERRA2
228,0,0.8870876550674438,MERRA2
229,1,0.826517254114151,MERRA2
230,0,0.5439043492078781,MERRA2
231,1,0.3011921443045139,MERRA2
232,0,0.12842383719980713,MERRA2
233,1,0.8468185603618622,MERRA2
234,0,0.11379294693469996,MERRA2
235,1,0.6708639353513718,MERRA2
236,0,0.3077544938772917,MERRA2
237,1,0.37567265778779985,MERRA2
238,0,0.05562197826802725,MERRA2
239,1,0.6582397818565369,MERRA2
240,0,0.539244769513607,MERRA2
241,1,0.3680799871683121,MERRA2
242,0,0.3653713809326291,MERRA2
243,1,0.6757303982973099,MERRA2
244,0,0.3596862511709332,MERRA2
245,1,0.6996568590402603,MERRA2
246,0,0.45814289450645446,MERRA2
247,1,0.5805301249027253,MERRA2
248,0,0.05491734147071833,MERRA2
249,1,0.8904061377048492,MERRA2
250,0,0.05114044006913896,MERRA2
251,1,0.932216864824295,MERRA2
252,0,0.19191695796325797,MERRA2
253,1,0.7594914972782135,MERRA2
254,0,0.27591271735727785,MERRA2
255,1,0.5114680666476488,MERRA2
256,0,0.840276700258255,MERRA2
257,1,0.7588403210043907,MERRA2
258,0,0.16310310065746303,MERRA2
259,1,0.5693629652261734,MERRA2
260,0,0.15734551735222335,MERRA2
261,1,0.7304155170917511,MERRA2
262,0,0.3748188093304634,MERRA2
263,1,0.9430140316486358,MERRA2
264,0,0.34777138084173204,MERRA2
265,1,0.6429370105266571,MERRA2
266,0,0.08645421061664815,MERRA2
267,1,0.7918158113956452,MERRA2
268,0,0.6435693114995956,MERRA2
269,1,0.3617910258471966,MERRA2
270,0,0.11107844468206163,MERRA2
271,1,0.8366044163703918,MERRA2
272,0,0.06906484570354218,MERRA2
273,1,0.20291765220463276,MERRA2
274,0,0.1461053058505058,MERRA2
275,1,0.9151232719421387,MERRA2
276,0,0.21376179370563472,MERRA2
277,1,0.7646837830543518,MERRA2
278,0,0.16139660384505983,MERRA2
279,1,0.7005868583917618,MERRA2
280,0,0.5201178461313247,MERRA2
281,1,0.7352039754390717,MERRA2
282,0,0.04459085157141087,MERRA2
283,1,0.5773772478103638,MERRA2
284,0,0.1422937549650669,MERRA2
285,1,0.8099218547344208,MERRA2
286,0,0.19783272752538322,MERRA2
287,1,0.6270091354846954,MERRA2
288,0,0.5617903918027878,MERRA2
289,1,0.8934672772884369,MERRA2
290,0,0.37098935917019843,MERRA2
291,1,0.4320587232708931,MERRA2
292,0,0.06758274976164098,MERRA2
293,1,0.958050274848938,MERRA2
294,0,0.21015112027525898,MERRA2
295,1,0.2744996398687362,MERRA2
296,0,0.29967161566019057,MERRA2
297,1,0.9686215817928314,MERRA2
298,0,0.23667946457862848,MERRA2
299,1,0.8715764582157135,MERRA2
300,0,0.07902891207486386,MERRA2
301,1,0.9240210592746735,MERRA2
302,0,0.43200221508741377,MERRA2
303,1,0.8753060638904572,MERRA2
304,0,0.10047581810504194,MERRA2
305,1,0.762690794467926,MERRA2
306,0,0.04908756269142026,MERRA2
307,1,0.9103089928627014,MERRA2
308,0,0.16296508498489853,MERRA2
309,1,0.7873163521289825,MERRA2
310,0,0.031954873539507336,MERRA2
311,1,0.8857827126979828,MERRA2
312,0,0.22543167173862458,MERRA2
313,1,0.8859887957572937,MERRA2
314,0,0.5769113451242447,MERRA2
315,1,0.29759107995778317,MERRA2
316,0,0.2070839766412973,MERRA2
317,1,0.9672113597393036,MERRA2
318,0,0.16144426539540288,MERRA2
319,1,0.9377840042114258,MERRA2
320,0,0.10309103373438115,MERRA2
321,1,0.869873559474945,MERRA2
322,0,0.0434262456838041,MERRA2
323,1,0.8424358487129211,MERRA2
324,0,0.16901542609557507,MERRA2
325,1,0.5672762017697096,MERRA2
326,0,0.3091813731938601,MERRA2
327,1,0.7138216078281403,MERRA2
328,0,0.06097107958048577,MERRA2
329,1,0.920298558473587,MERRA2
330,0,0.02967080627568061,MERRA2
331,1,0.9299299895763398,MERRA2
332,0,0.035897075757384274,MERRA2
333,1,0.8439647257328033,MERRA2
334,0,0.19283574484288687,MERRA2
335,1,0.6155771151185035,MERRA2
336,0,0.39808721169829364,MERRA2
337,1,0.3293227836489677,MERRA2
338,0,0.15433209687471386,MERRA2
339,1,0.7041119337081909,MERRA2
340,0,0.10559345465153451,MERRA2
341,1,0.46192413438111546,MERRA2
342,0,0.059353003464639134,MERRA2
343,1,0.9214344561100006,MERRA2
344,0,0.17617071717977523,MERRA2
345,1,0.8556538611650467,MERRA2
346,0,0.17228267863392827,MERRA2
347,1,0.8262228071689606,MERRA2
348,0,0.39658286422491074,MERRA2
349,1,0.8098427951335907,MERRA2
350,0,0.13704282054677602,MERRA2
351,1,0.8822967648506165,MERRA2
352,0,0.03728121831081803,MERRA2
353,1,0.753838661313057,MERRA2
354,0,0.3621057033538818,MERRA2
355,1,0.853626948595047,MERRA2
356,0,0.4815174609422684,MERRA2
357,1,0.5920197457075119,MERRA2
358,0,0.1481069631874561,MERRA2
359,1,0.4676631659269333,MERRA2
360,0,0.7585752427577972,MERRA2
361,1,0.4296660929918289,MERRA2
362,0,0.2095859974622726,MERRA2
363,1,0.6437087386846543,MERRA2
364,0,0.512112095952034,MERRA2
365,1,0.7472758889198303,MERRA2
366,0,0.07396885142661627,MERRA2
367,1,0.6848241910338402,MERRA2
368,0,0.3329755663871765,MERRA2
369,1,0.848251536488533,MERRA2
370,0,0.049251207336783356,MERRA2
371,1,0.6565470516681671,MERRA2
372,0,0.34917716830968853,MERRA2
373,1,0.7691470980644226,MERRA2
374,0,0.2969044726341962,MERRA2
375,1,0.1013122975826263,MERRA2
376,0,0.20938393250107762,MERRA2
377,1,0.7079150319099426,MERRA2
378,0,0.12085104491561646,MERRA2
379,1,0.7486981868743896,MERRA2
380,0,0.4051548108458519,MERRA2
381,1,0.7769726991653443,MERRA2
382,0,0.16492962799966332,MERRA2
383,1,0.353736388683319,MERRA2
384,0,0.11382524073123927,MERRA2
385,1,0.7611509084701538,MERRA2
386,0,0.22208525612950325,MERRA2
387,1,0.8074760198593139,MERRA2
388,0,0.07707789130508898,MERRA2
389,1,0.8729014992713928,MERRA2
390,0,0.17751958742737767,MERRA2
391,1,0.8380505859851837,MERRA2
392,0,0.12724376209080218,MERRA2
393,1,0.830517190694809,MERRA2
394,0,0.1427041735500097,MERRA2
395,1,0.8565578162670135,MERRA2
396,0,0.060936441924422935,MERRA2
397,1,0.7116020500659943,MERRA2
398,0,0.21342609152197833,MERRA2
399,1,0.3977153986692429,MERRA2
400,0,0.12172310994938014,MERRA2
401,1,0.8171999037265778,MERRA2
402,0,0.15171535462141034,MERRA2
403,1,0.8963726818561554,MERRA2
