file,status,hash
MERRA2_0001_20250904.csv,ok,44941504ff3d480999eae8056fc9f533
MERRA2_0002_20250925.csv,ok,8983dd952cf572cbee5aa36f20255329
MERRA2_0003_20250401.csv,ok,073385ad212082dfa2105ec1d6921236
MERRA2_0004_20250417.csv,ok,d46f6dba911af577a11ec0f5544d4121
MERRA2_0005_20250430.csv,ok,1d531c966b6acbd9f306e54f93112575
MERRA2_0006_20250911.csv,ok,efa8f373c44a2876495c417247a932f5
MERRA2_0007_20250925.csv,ok,8983dd952cf572cbee5aa36f20255329
MERRA2_0008_20251016.csv,ok,deab8a3d2d645a478603ef419fb66af3
MERRA2_0009_20250430.csv,ok,1d531c966b6acbd9f306e54f93112575
MERRA2_0010_20250515.csv,ok,6d3740baa3cde44805cc50b975b53ba0
MERRA2_0011_20250604.csv,ok,fde0865723b9fc867f17804eca4e057a
MERRA2_0012_20230901.csv,ok,feed8dc2a8f92857ee94910f763dd8a0
MERRA2_0013_20230914.csv,ok,8e91d67603a5ad9c4938903ffe54e3bb
MERRA2_0014_20231005.csv,ok,052392a6d6cb12a89b2292ec543375cf
MERRA2_0015_20240903.csv,ok,7baee68da7d9082af513fbfa4d4bccbb
MERRA2_0016_20240918.csv,ok,e6e7e254426f46bf079207cefdbda4a1
MERRA2_0017_20241008.csv,ok,d5fa435f647c2658a6814f32e53d8e90
MERRA2_0018_20240919.csv,ok,700b1dc8db0405fffe7869a2e6085717
MERRA2_0019_20241008.csv,ok,ca350c4e27381054d68fc042c9ea70fa
MERRA2_0020_20241022.csv,ok,308d3bdf3d914f669b7f4c4f60e6a3d8
MERRA2_0021_20240910.csv,ok,06689f2144ac630818856c891ef93442
MERRA2_0022_20240926.csv,ok,4b39413329b89596cc29a3ae697a412d
MERRA2_0023_20241015.csv,ok,f7fb42104a4fa440893676ed06927348
MERRA2_0024_20230908.csv,ok,ac1d5b149ca726bd2936abeb0492562c
MERRA2_0025_20230922.csv,ok,ab0afaf81e4418e6116fe09d0137d371
MERRA2_0026_20231012.csv,ok,c726e165345b69032913fdb1515ebcae
MERRA2_0027_20250911.csv,ok,84d1e884a31f813576b20e4d7565c080
MERRA2_0028_20250925.csv,ok,16ba29007488db181e683f888e98e448
MERRA2_0029_20230907.csv,ok,d4ccd50b8ea51b0ed2aa929100de1dbf
MERRA2_0030_20230912.csv,ok,12449a7c8b0624532f87a1d07837434d
MERRA2_0031_20231003.csv,ok,c8bee72d9626cd93193abe9e5180fccb
MERRA2_0032_20230912.csv,ok,12449a7c8b0624532f87a1d07837434d
MERRA2_0033_20231003.csv,ok,c8bee72d9626cd93193abe9e5180fccb
MERRA2_0034_20191016.csv,ok,b4f9cebc577dcbd8006a518c88ffcb56
MERRA2_0035_20190930.csv,ok,8fd81d4338b675974c847d8de3fb1cf5
MERRA2_0036_20181130.csv,ok,fcfe97d2e8fdb88d447016e05304f670
MERRA2_0037_20181018.csv,ok,edb3d09bec8f150bd44974c1a572b10a
MERRA2_0038_20190930.csv,ok,8fd81d4338b675974c847d8de3fb1cf5
MERRA2_0039_20190930.csv,ok,8fd81d4338b675974c847d8de3fb1cf5
MERRA2_0040_20181107.csv,ok,8daff0e7b9c25d7d16141b20d5911861
MERRA2_0041_20181120.csv,ok,d044a741d5935e8a7fcaab0d7005c2a7
MERRA2_0042_20191016.csv,ok,b4f9cebc577dcbd8006a518c88ffcb56
MERRA2_0043_20181018.csv,ok,edb3d09bec8f150bd44974c1a572b10a
MERRA2_0044_20181107.csv,ok,8daff0e7b9c25d7d16141b20d5911861
MERRA2_0045_20191009.csv,ok,b1f782936e2508cd19ff4b8db50480a5
MERRA2_0046_20181018.csv,ok,edb3d09bec8f150bd44974c1a572b10a
MERRA2_0047_20191009.csv,ok,b1f782936e2508cd19ff4b8db50480a5
MERRA2_0048_20181107.csv,ok,8daff0e7b9c25d7d16141b20d5911861
MERRA2_0049_20181120.csv,ok,d044a741d5935e8a7fcaab0d7005c2a7
MERRA2_0050_20181130.csv,ok,fcfe97d2e8fdb88d447016e05304f670
MERRA2_0051_20191007.csv,ok,ff860d11eb14c9bea38ab574397a0deb
MERRA2_0052_20191017.csv,ok,5fef9b9c671e5c65a9b3978989b26215
MERRA2_0053_20191007.csv,ok,ff860d11eb14c9bea38ab574397a0deb
MERRA2_0054_20180802.csv,ok,7d93b68c288318d339dbc2953a45d200
MERRA2_0055_20180829.csv,ok,413f87b41d898b0fc4a6a40448b70448
MERRA2_0056_20180906.csv,ok,26780d3bfa4def1abdbb7329f2bfd0b1
MERRA2_0057_20180725.csv,ok,916ca3e4b2163505b92e4844f4d959c6
MERRA2_0058_20180802.csv,ok,7d93b68c288318d339dbc2953a45d200
MERRA2_0059_20180928.csv,ok,f7dd2af841d011a531f639c336febf09
MERRA2_0060_20180912.csv,ok,ee12966da36533ef0804f69e0cf2f49e
MERRA2_0061_20180928.csv,ok,f7dd2af841d011a531f639c336febf09
MERRA2_0062_20180906.csv,ok,26780d3bfa4def1abdbb7329f2bfd0b1
MERRA2_0063_20210813.csv,ok,c95c6835929770f164f5edb0d0ca2b3e
MERRA2_0064_20210823.csv,ok,2b3d3067e1afb510c48d3d33c39e4796
MERRA2_0065_20180815.csv,ok,4928fdc71831ce7f8f23a6a103e34561
MERRA2_0066_20180829.csv,ok,413f87b41d898b0fc4a6a40448b70448
MERRA2_0067_20180906.csv,ok,26780d3bfa4def1abdbb7329f2bfd0b1
MERRA2_0068_20180807.csv,ok,78257c8f31df544e182d746bd5e644d8
MERRA2_0069_20180815.csv,ok,4928fdc71831ce7f8f23a6a103e34561
MERRA2_0070_20180829.csv,ok,413f87b41d898b0fc4a6a40448b70448
MERRA2_0071_20180906.csv,ok,26780d3bfa4def1abdbb7329f2bfd0b1
MERRA2_0072_20200813.csv,ok,a9c29b3ecac479a134a0cd9de83bb844
MERRA2_0073_20200824.csv,ok,82b707a1f1147814f0915d4dfe849fe0
MERRA2_0074_20200914.csv,ok,a0d8bfbbf6a40f5f0bacb481cf586093
MERRA2_0075_20200813.csv,ok,a9c29b3ecac479a134a0cd9de83bb844
MERRA2_0076_20200824.csv,ok,82b707a1f1147814f0915d4dfe849fe0
MERRA2_0077_20200914.csv,ok,a0d8bfbbf6a40f5f0bacb481cf586093
MERRA2_0078_20200824.csv,ok,82b707a1f1147814f0915d4dfe849fe0
MERRA2_0079_20200914.csv,ok,a0d8bfbbf6a40f5f0bacb481cf586093
MERRA2_0080_20180801.csv,ok,cf2cd74c99a96650cdc8a0891e2fb540
MERRA2_0081_20180816.csv,ok,2ba83864587be510534a32113177efd8
MERRA2_0082_20180905.csv,ok,e247309cd0cfebdaa67f463de9ee97a8
MERRA2_0083_20180830.csv,ok,e75a9df7090a73ad30f040226be21b65
MERRA2_0084_20180912.csv,ok,ee12966da36533ef0804f69e0cf2f49e
MERRA2_0085_20180927.csv,ok,4d475697fe34a7a732cce4a2624e3fa8
MERRA2_0086_20180726.csv,ok,0dbe74cbe4a7ce42be281210d8f19a5f
MERRA2_0087_20180801.csv,ok,cf2cd74c99a96650cdc8a0891e2fb540
MERRA2_0088_20180726.csv,ok,0dbe74cbe4a7ce42be281210d8f19a5f
MERRA2_0089_20180816.csv,ok,2ba83864587be510534a32113177efd8
MERRA2_0090_20180816.csv,ok,2ba83864587be510534a32113177efd8
MERRA2_0091_20180905.csv,ok,e247309cd0cfebdaa67f463de9ee97a8
MERRA2_0092_20180928.csv,ok,73711201ecdcdd0c7ec58589cfe2a1a0
MERRA2_0093_20230808.csv,ok,3ff26cb964f0e38ff3003da16bab0087
MERRA2_0094_20230823.csv,ok,bafad042441141031f10f6c810f01c00
MERRA2_0095_20220815.csv,ok,476495a393f224aad7d2fc86ea3d084c
MERRA2_0096_20220824.csv,ok,45f35a59739613d10c9460cb995b7ca7
MERRA2_0097_20180913.csv,ok,dcb5cf341d809c4dd3c63e46d3230157
MERRA2_0098_20220815.csv,ok,476495a393f224aad7d2fc86ea3d084c
MERRA2_0099_20220824.csv,ok,45f35a59739613d10c9460cb995b7ca7
MERRA2_0100_20220815.csv,ok,476495a393f224aad7d2fc86ea3d084c
MERRA2_0101_20220824.csv,ok,45f35a59739613d10c9460cb995b7ca7
MERRA2_0102_20190816.csv,ok,a9003eefe1b7d9685c26d34539bf5015
MERRA2_0103_20190823.csv,ok,021ed1b978c32929ea702d640a4c747c
MERRA2_0104_20220815.csv,ok,476495a393f224aad7d2fc86ea3d084c
MERRA2_0105_20220824.csv,ok,45f35a59739613d10c9460cb995b7ca7
MERRA2_0106_20190816.csv,ok,a9003eefe1b7d9685c26d34539bf5015
MERRA2_0107_20190823.csv,ok,021ed1b978c32929ea702d640a4c747c
MERRA2_0108_20180913.csv,ok,dcb5cf341d809c4dd3c63e46d3230157
MERRA2_0109_20220815.csv,ok,476495a393f224aad7d2fc86ea3d084c
MERRA2_0110_20220824.csv,ok,45f35a59739613d10c9460cb995b7ca7
MERRA2_0111_20180801.csv,ok,360510679d60ab9161b8168e2ea8ba72
MERRA2_0112_20180815.csv,ok,5b41c063b3ad328e088a3cb252c9e85e
MERRA2_0113_20180928.csv,ok,73711201ecdcdd0c7ec58589cfe2a1a0
MERRA2_0114_20200813.csv,ok,53d2b444bd398412b9577568cdf138b4
MERRA2_0115_20200824.csv,ok,8db088933bf9095e2cf13453b67d805e
MERRA2_0116_20220815.csv,ok,476495a393f224aad7d2fc86ea3d084c
MERRA2_0117_20220824.csv,ok,45f35a59739613d10c9460cb995b7ca7
MERRA2_0118_20230808.csv,ok,3ff26cb964f0e38ff3003da16bab0087
MERRA2_0119_20230823.csv,ok,bafad042441141031f10f6c810f01c00
MERRA2_0120_20230808.csv,ok,3ff26cb964f0e38ff3003da16bab0087
MERRA2_0121_20230823.csv,ok,bafad042441141031f10f6c810f01c00
MERRA2_0122_20220815.csv,ok,476495a393f224aad7d2fc86ea3d084c
MERRA2_0123_20220824.csv,ok,45f35a59739613d10c9460cb995b7ca7
MERRA2_0124_20230808.csv,ok,3ff26cb964f0e38ff3003da16bab0087
MERRA2_0125_20230823.csv,ok,bafad042441141031f10f6c810f01c00
MERRA2_0126_20180913.csv,ok,dcb5cf341d809c4dd3c63e46d3230157
MERRA2_0127_20180920.csv,ok,6f8af99d671b5d956945c16bce820ffc
MERRA2_0128_20180801.csv,ok,360510679d60ab9161b8168e2ea8ba72
MERRA2_0129_20180815.csv,ok,5b41c063b3ad328e088a3cb252c9e85e
MERRA2_0130_20200813.csv,ok,53d2b444bd398412b9577568cdf138b4
MERRA2_0131_20200824.csv,ok,8db088933bf9095e2cf13453b67d805e
MERRA2_0132_20230808.csv,ok,3ff26cb964f0e38ff3003da16bab0087
MERRA2_0133_20230823.csv,ok,bafad042441141031f10f6c810f01c00
MERRA2_0134_20200813.csv,ok,53d2b444bd398412b9577568cdf138b4
MERRA2_0135_20200824.csv,ok,8db088933bf9095e2cf13453b67d805e
MERRA2_0136_20190816.csv,ok,a9003eefe1b7d9685c26d34539bf5015
MERRA2_0137_20190823.csv,ok,021ed1b978c32929ea702d640a4c747c
MERRA2_0138_20190816.csv,ok,a9003eefe1b7d9685c26d34539bf5015
MERRA2_0139_20190823.csv,ok,021ed1b978c32929ea702d640a4c747c
MERRA2_0140_20200813.csv,ok,53d2b444bd398412b9577568cdf138b4
MERRA2_0141_20200824.csv,ok,8db088933bf9095e2cf13453b67d805e
MERRA2_0142_20220815.csv,ok,476495a393f224aad7d2fc86ea3d084c
MERRA2_0143_20220824.csv,ok,45f35a59739613d10c9460cb995b7ca7
MERRA2_0144_20210813.csv,ok,983ebc602348e716f9ddc59a18ef0f1d
MERRA2_0145_20190816.csv,ok,a9003eefe1b7d9685c26d34539bf5015
MERRA2_0146_20190903.csv,ok,43891e20486bfab7f66e5de92ebe286c
MERRA2_0147_20180828.csv,ok,69b9a94621164a5cd40158852ecb0a1e
MERRA2_0148_20180911.csv,ok,64865d401880ed7e8c7418f5480dd656
MERRA2_0149_20180828.csv,ok,69b9a94621164a5cd40158852ecb0a1e
MERRA2_0150_20180911.csv,ok,64865d401880ed7e8c7418f5480dd656
MERRA2_0151_20180828.csv,ok,69b9a94621164a5cd40158852ecb0a1e
MERRA2_0152_20180911.csv,ok,64865d401880ed7e8c7418f5480dd656
MERRA2_0153_20180828.csv,ok,69b9a94621164a5cd40158852ecb0a1e
MERRA2_0154_20180918.csv,ok,5ac403b60600e99b62630f822f2a1251
MERRA2_0155_20180828.csv,ok,69b9a94621164a5cd40158852ecb0a1e
MERRA2_0156_20180911.csv,ok,64865d401880ed7e8c7418f5480dd656
MERRA2_0157_20180904.csv,ok,76866695c159d5f7699e8469dbe4bed2
MERRA2_0158_20180925.csv,ok,324400c80bb4d6b949b99214909e6ca3
MERRA2_0159_20180904.csv,ok,76866695c159d5f7699e8469dbe4bed2
MERRA2_0160_20180918.csv,ok,5ac403b60600e99b62630f822f2a1251
MERRA2_0161_20181009.csv,ok,bc73cac4a53e1bba7f2721a25fa60027
MERRA2_0162_20180904.csv,ok,76866695c159d5f7699e8469dbe4bed2
MERRA2_0163_20180918.csv,ok,5ac403b60600e99b62630f822f2a1251
MERRA2_0164_20181009.csv,ok,bc73cac4a53e1bba7f2721a25fa60027
MERRA2_0165_20180904.csv,ok,76866695c159d5f7699e8469dbe4bed2
MERRA2_0166_20180911.csv,ok,64865d401880ed7e8c7418f5480dd656
MERRA2_0167_20181002.csv,ok,38525dbbef64e2055b57128374bb8123
MERRA2_0168_20180918.csv,ok,5ac403b60600e99b62630f822f2a1251
MERRA2_0169_20181009.csv,ok,bc73cac4a53e1bba7f2721a25fa60027
MERRA2_0170_20180904.csv,ok,76866695c159d5f7699e8469dbe4bed2
MERRA2_0171_20180918.csv,ok,5ac403b60600e99b62630f822f2a1251
MERRA2_0172_20181009.csv,ok,bc73cac4a53e1bba7f2721a25fa60027
MERRA2_0173_20180911.csv,ok,64865d401880ed7e8c7418f5480dd656
MERRA2_0174_20181002.csv,ok,38525dbbef64e2055b57128374bb8123
MERRA2_0175_20180904.csv,ok,76866695c159d5f7699e8469dbe4bed2
MERRA2_0176_20180911.csv,ok,64865d401880ed7e8c7418f5480dd656
MERRA2_0177_20181002.csv,ok,38525dbbef64e2055b57128374bb8123
MERRA2_0178_20180904.csv,ok,76866695c159d5f7699e8469dbe4bed2
MERRA2_0179_20180911.csv,ok,64865d401880ed7e8c7418f5480dd656
MERRA2_0180_20181002.csv,ok,38525dbbef64e2055b57128374bb8123
MERRA2_0181_20180918.csv,ok,5ac403b60600e99b62630f822f2a1251
MERRA2_0182_20181009.csv,ok,bc73cac4a53e1bba7f2721a25fa60027
MERRA2_0183_20230906.csv,ok,6800a5c97575616775ea6ea7220b2b16
MERRA2_0184_20230918.csv,ok,f8fda6e2911fff4d7d49ba33adbe7455
MERRA2_0185_20230913.csv,ok,d0bd7a209bef55f626eee6cb3090b5e4
MERRA2_0186_20230926.csv,ok,68290bbcb37f379ab0a45aae54ea2dfd
MERRA2_0187_20231017.csv,ok,315ad977c643311f18ce196570ec0b02
MERRA2_0188_20230808.csv,ok,5afc25bb44d076ac6f3bb6592bdf7d30
MERRA2_0189_20230823.csv,ok,c98c9d50bf4b909ccf672d755bc88dbe
MERRA2_0190_20230907.csv,ok,91dc7eb6544d9fd09bf530d0281171e9
MERRA2_0191_20240920.csv,ok,f1aba8a92dd7c4997db7f27aa6223839
MERRA2_0192_20241009.csv,ok,7e4722b51865b6e5c4d8a34378314a9f
MERRA2_0193_20241018.csv,ok,e305b1fe29200ca207a85f5683b2d220
MERRA2_0194_20241105.csv,ok,e0fe5d52e5ccdf7c908af6b394737d08
MERRA2_0195_20241009.csv,ok,30546f9ebbb0338bfa050dcdb633b4bc
MERRA2_0196_20241023.csv,ok,7b220f88ed8ba09b6b94320577d49c10
MERRA2_0197_20250903.csv,ok,9cebadecdc6aaa08c6e5ed5837f674ec
MERRA2_0198_20250924.csv,ok,f6806636b2d46a007ac1673c0588e001
MERRA2_0199_20230922.csv,ok,e3f5c31e3cbcb1bddd74fb8ef2c5d38b
MERRA2_0200_20231005.csv,ok,b32b8158f1d3598b592208a4c61a79e5
MERRA2_0201_20231025.csv,ok,d6228f16c44adaaa2e02f4da2fd0d13e
MERRA2_0202_20231108.csv,ok,7d56046f1dd4ad158f765ab569d6d168
MERRA2_0203_20231122.csv,ok,32c3c598d36b226138eaf7a347bf2781
MERRA2_0204_20230917.csv,ok,13144db85e4e7fd1a6da6ae6196de88c
MERRA2_0205_20231001.csv,ok,aa21c8d8a026d0a1e93af3007e0f4b02
MERRA2_0206_20190919.csv,ok,6f090ca80b70e8382799790f5eb91900
MERRA2_0207_20190926.csv,ok,841673b80b1d3e89a186800cd41b5521
MERRA2_0208_20230917.csv,ok,13144db85e4e7fd1a6da6ae6196de88c
MERRA2_0209_20231001.csv,ok,aa21c8d8a026d0a1e93af3007e0f4b02
MERRA2_0210_20230917.csv,ok,13144db85e4e7fd1a6da6ae6196de88c
MERRA2_0211_20231008.csv,ok,61841a7976507b1e0a66f3ee036895e2
MERRA2_0212_20190820.csv,ok,d24e6541c5a807841cd0e66766718dd9
MERRA2_0213_20190827.csv,ok,a21b88af3cc642fd1fece14545c5db9d
MERRA2_0214_20190917.csv,ok,fa0262c2e4dc311808a6e671d2d1723c
MERRA2_0215_20211012.csv,ok,8a897c37d6c81f6baa607c4a6d6c5863
MERRA2_0216_20211019.csv,ok,dee80bc4a5a1258c8aa8d443222a4bdf
MERRA2_0217_20221001.csv,ok,6df5615f8693c267461451cc47a8cfc1
MERRA2_0218_20221008.csv,ok,2b3c2510016ac5d7b88ad3c9e9573fd3
MERRA2_0219_20221022.csv,ok,ea487c73f84058d4aa54f5b5267128b9
MERRA2_0220_20221108.csv,ok,e169b984cb8e03e94fd550ffd390d466
MERRA2_0221_20220922.csv,ok,6f073ef14595acbebc836dfc835e69c9
MERRA2_0222_20221008.csv,ok,2b3c2510016ac5d7b88ad3c9e9573fd3
MERRA2_0223_20210929.csv,ok,ad6df3409bd24a6d001dc591f92edde9
MERRA2_0224_20211006.csv,ok,5461cb5fbf2f9760d5fd6b199a915036
MERRA2_0225_20230917.csv,ok,13144db85e4e7fd1a6da6ae6196de88c
MERRA2_0226_20231001.csv,ok,aa21c8d8a026d0a1e93af3007e0f4b02
MERRA2_0227_20190926.csv,ok,841673b80b1d3e89a186800cd41b5521
MERRA2_0228_20191010.csv,ok,44b652ce43d07af02eefc81b8f943152
MERRA2_0229_20231001.csv,ok,aa21c8d8a026d0a1e93af3007e0f4b02
MERRA2_0230_20231015.csv,ok,62a12aef502e9c6774df805356f734fe
MERRA2_0231_20230924.csv,ok,f859ed7b758568a9fcd768ce6ae49918
MERRA2_0232_20231008.csv,ok,61841a7976507b1e0a66f3ee036895e2
MERRA2_0233_20230910.csv,ok,0974dd6e7a5ebc73fc77b3e128412645
MERRA2_0234_20231001.csv,ok,aa21c8d8a026d0a1e93af3007e0f4b02
MERRA2_0235_20190917.csv,ok,fa0262c2e4dc311808a6e671d2d1723c
MERRA2_0236_20191008.csv,ok,26f5059533a6070d4684968b649f8e1f
MERRA2_0237_20211012.csv,ok,8a897c37d6c81f6baa607c4a6d6c5863
MERRA2_0238_20211019.csv,ok,dee80bc4a5a1258c8aa8d443222a4bdf
MERRA2_0239_20211005.csv,ok,7541872615685c59138ad136ff33321a
MERRA2_0240_20211012.csv,ok,8a897c37d6c81f6baa607c4a6d6c5863
MERRA2_0241_20210928.csv,ok,48ee3f695b5b50f34ee5607b2bb88db6
MERRA2_0242_20211019.csv,ok,dee80bc4a5a1258c8aa8d443222a4bdf
MERRA2_0243_20210928.csv,ok,48ee3f695b5b50f34ee5607b2bb88db6
MERRA2_0244_20211012.csv,ok,8a897c37d6c81f6baa607c4a6d6c5863
MERRA2_0245_20230924.csv,ok,f859ed7b758568a9fcd768ce6ae49918
MERRA2_0246_20231008.csv,ok,61841a7976507b1e0a66f3ee036895e2
MERRA2_0247_20190910.csv,ok,6228be2ed727c712587d5ce4c3f44284
MERRA2_0248_20190924.csv,ok,c9f41af11bfc8f949ed4ad7808452487
MERRA2_0249_20230924.csv,ok,f859ed7b758568a9fcd768ce6ae49918
MERRA2_0250_20231015.csv,ok,62a12aef502e9c6774df805356f734fe
MERRA2_0251_20190910.csv,ok,6228be2ed727c712587d5ce4c3f44284
MERRA2_0252_20190924.csv,ok,c9f41af11bfc8f949ed4ad7808452487
MERRA2_0253_20211005.csv,ok,7541872615685c59138ad136ff33321a
MERRA2_0254_20211019.csv,ok,dee80bc4a5a1258c8aa8d443222a4bdf
MERRA2_0255_20231001.csv,ok,aa21c8d8a026d0a1e93af3007e0f4b02
MERRA2_0256_20231015.csv,ok,62a12aef502e9c6774df805356f734fe
MERRA2_0257_20210924.csv,ok,0c4177d9d9c808b529a386602108d288
MERRA2_0258_20211013.csv,ok,c82b9463e4a18749a0461a31f1b1c3fc
MERRA2_0259_20230924.csv,ok,f859ed7b758568a9fcd768ce6ae49918
MERRA2_0260_20231008.csv,ok,61841a7976507b1e0a66f3ee036895e2
MERRA2_0261_20211006.csv,ok,5461cb5fbf2f9760d5fd6b199a915036
MERRA2_0262_20211012.csv,ok,8a897c37d6c81f6baa607c4a6d6c5863
MERRA2_0263_20190912.csv,ok,b46d32156b280df604f328649ef54883
MERRA2_0264_20190926.csv,ok,841673b80b1d3e89a186800cd41b5521
MERRA2_0265_20190912.csv,ok,b46d32156b280df604f328649ef54883
MERRA2_0266_20190926.csv,ok,841673b80b1d3e89a186800cd41b5521
MERRA2_0267_20191004.csv,ok,125c996fc168ac0d08cf14a9a57dea79
MERRA2_0268_20191018.csv,ok,33e08f7be24f7819d71094f9e92b62fc
MERRA2_0269_20190909.csv,ok,1b70c2d04151a0df71e2ab44d503775a
MERRA2_0270_20190916.csv,ok,b5d4fea6f79686e4e042f865983482bd
MERRA2_0271_20191004.csv,ok,125c996fc168ac0d08cf14a9a57dea79
MERRA2_0272_20190902.csv,ok,f72f78a7d0600f6f560f9659adb913a2
MERRA2_0273_20190923.csv,ok,7ef3ac81da241e4aea80e0fc13b47126
MERRA2_0274_20190827.csv,ok,306cf5733eefa0e34c0b5771bf9247dd
MERRA2_0275_20190902.csv,ok,f72f78a7d0600f6f560f9659adb913a2
MERRA2_0276_20190923.csv,ok,7ef3ac81da241e4aea80e0fc13b47126
MERRA2_0277_20190916.csv,ok,b5d4fea6f79686e4e042f865983482bd
MERRA2_0278_20190923.csv,ok,7ef3ac81da241e4aea80e0fc13b47126
MERRA2_0279_20190909.csv,ok,1b70c2d04151a0df71e2ab44d503775a
MERRA2_0280_20190923.csv,ok,7ef3ac81da241e4aea80e0fc13b47126
MERRA2_0281_20220913.csv,ok,8f7d3d81724de35d16d951b696ff4b7f
MERRA2_0282_20220920.csv,ok,6f3befdd1cef6d31837ba4cb86cd8a90
MERRA2_0283_20190812.csv,ok,45c087cb1d43427958011fd2be6185d2
MERRA2_0284_20190902.csv,ok,f72f78a7d0600f6f560f9659adb913a2
MERRA2_0285_20190916.csv,ok,b5d4fea6f79686e4e042f865983482bd
MERRA2_0286_20190920.csv,ok,d457ba05f630c25867309c9baeb49065
MERRA2_0287_20191004.csv,ok,125c996fc168ac0d08cf14a9a57dea79
MERRA2_0288_20190826.csv,ok,44d2717819d2eb6ec64b66be7d59b3b1
MERRA2_0289_20190909.csv,ok,1b70c2d04151a0df71e2ab44d503775a
MERRA2_0290_20230902.csv,ok,c4125d37d310473c3a054483512dc00c
MERRA2_0291_20230916.csv,ok,2c79cd9415212b280e47bb8c5dfc123e
MERRA2_0292_20190916.csv,ok,b5d4fea6f79686e4e042f865983482bd
MERRA2_0293_20191004.csv,ok,125c996fc168ac0d08cf14a9a57dea79
MERRA2_0294_20190916.csv,ok,b5d4fea6f79686e4e042f865983482bd
MERRA2_0295_20190920.csv,ok,d457ba05f630c25867309c9baeb49065
MERRA2_0296_20190902.csv,ok,f72f78a7d0600f6f560f9659adb913a2
MERRA2_0297_20190908.csv,ok,870b952f83ddeb4ddb5088088ba1b131
MERRA2_0298_20190902.csv,ok,faaa344ddde0c75485df381c76cff753
MERRA2_0299_20190916.csv,ok,87f6c4abc7cb332b171b831e87837e94
MERRA2_0300_20191006.csv,ok,8236ac195280bb77a0bdc06795c600bb
MERRA2_0301_20190909.csv,ok,b96919f33365f2771ef247f484164f37
MERRA2_0302_20190916.csv,ok,87f6c4abc7cb332b171b831e87837e94
MERRA2_0303_20191006.csv,ok,8236ac195280bb77a0bdc06795c600bb
MERRA2_0304_20190916.csv,ok,87f6c4abc7cb332b171b831e87837e94
MERRA2_0305_20191006.csv,ok,8236ac195280bb77a0bdc06795c600bb
MERRA2_0306_20190909.csv,ok,b96919f33365f2771ef247f484164f37
MERRA2_0307_20190923.csv,ok,3faed8d250d40aaa295ab7f2c08f0c8c
MERRA2_0308_20190819.csv,ok,8e302492c6625a6e6fd539d49bcd8854
MERRA2_0309_20190902.csv,ok,faaa344ddde0c75485df381c76cff753
MERRA2_0310_20190923.csv,ok,3faed8d250d40aaa295ab7f2c08f0c8c
MERRA2_0311_20191103.csv,ok,a712dd2aa8a044bf42e68dec7b56d14d
MERRA2_0312_20191110.csv,ok,c732fc8902ea99dccb3b454c44fbaf7b
MERRA2_0313_20220820.csv,ok,54d83b3cc8d0465f96f245362f7a7086
MERRA2_0314_20220906.csv,ok,50e35d6ae08785ed5ed0b17f29771d17
MERRA2_0315_20190916.csv,ok,87f6c4abc7cb332b171b831e87837e94
MERRA2_0316_20190920.csv,ok,98fb7e77b3990f6bf25cf8ec80c84e53
MERRA2_0317_20210814.csv,ok,a469e8bf965315e4959f32d1dcb519b1
MERRA2_0318_20210904.csv,ok,eff5c2ad3338fa0710b505df61abfd28
MERRA2_0319_20190812.csv,ok,374480de9703d13440f43fcfbdf5afac
MERRA2_0320_20190902.csv,ok,faaa344ddde0c75485df381c76cff753
MERRA2_0321_20190908.csv,ok,1e1128346abe5817eeb226ee32b1ec63
MERRA2_0322_20190902.csv,ok,faaa344ddde0c75485df381c76cff753
MERRA2_0323_20190923.csv,ok,3faed8d250d40aaa295ab7f2c08f0c8c
MERRA2_0324_20190909.csv,ok,b96919f33365f2771ef247f484164f37
MERRA2_0325_20190923.csv,ok,3faed8d250d40aaa295ab7f2c08f0c8c
MERRA2_0326_20190812.csv,ok,45c087cb1d43427958011fd2be6185d2
MERRA2_0327_20190902.csv,ok,f72f78a7d0600f6f560f9659adb913a2
MERRA2_0328_20190908.csv,ok,870b952f83ddeb4ddb5088088ba1b131
MERRA2_0329_20210814.csv,ok,806f4b0ad00e682ff551e6f81d37f4b7
MERRA2_0330_20210828.csv,ok,355c2c51b6f37efdd68cfabef55ad9ea
MERRA2_0331_20190826.csv,ok,44d2717819d2eb6ec64b66be7d59b3b1
MERRA2_0332_20190909.csv,ok,1b70c2d04151a0df71e2ab44d503775a
MERRA2_0333_20230902.csv,ok,c4125d37d310473c3a054483512dc00c
MERRA2_0334_20230916.csv,ok,2c79cd9415212b280e47bb8c5dfc123e
MERRA2_0335_20190902.csv,ok,f72f78a7d0600f6f560f9659adb913a2
MERRA2_0336_20190908.csv,ok,870b952f83ddeb4ddb5088088ba1b131
MERRA2_0337_20190916.csv,ok,87f6c4abc7cb332b171b831e87837e94
MERRA2_0338_20190923.csv,ok,3faed8d250d40aaa295ab7f2c08f0c8c
MERRA2_0339_20190826.csv,ok,24e48581c8c7d471794e72b2776c32b2
MERRA2_0340_20190902.csv,ok,faaa344ddde0c75485df381c76cff753
MERRA2_0341_20190923.csv,ok,3faed8d250d40aaa295ab7f2c08f0c8c
MERRA2_0342_20190812.csv,ok,374480de9703d13440f43fcfbdf5afac
MERRA2_0343_20190826.csv,ok,24e48581c8c7d471794e72b2776c32b2
MERRA2_0344_20190909.csv,ok,b96919f33365f2771ef247f484164f37
MERRA2_0345_20230826.csv,ok,cdf15bc8e7888928523c7a0be27348fd
MERRA2_0346_20230916.csv,ok,b0c0112b617d7d179f1f99455be735ae
MERRA2_0347_20190909.csv,ok,b96919f33365f2771ef247f484164f37
MERRA2_0348_20190923.csv,ok,3faed8d250d40aaa295ab7f2c08f0c8c
MERRA2_0349_20191004.csv,ok,125c996fc168ac0d08cf14a9a57dea79
MERRA2_0350_20191018.csv,ok,33e08f7be24f7819d71094f9e92b62fc
MERRA2_0351_20190909.csv,ok,b96919f33365f2771ef247f484164f37
MERRA2_0352_20190923.csv,ok,3faed8d250d40aaa295ab7f2c08f0c8c
MERRA2_0353_20190826.csv,ok,24e48581c8c7d471794e72b2776c32b2
MERRA2_0354_20190909.csv,ok,b96919f33365f2771ef247f484164f37
MERRA2_0355_20190916.csv,ok,87f6c4abc7cb332b171b831e87837e94
MERRA2_0356_20191004.csv,ok,9dee15e062290b410246d0c021df29a0
MERRA2_0357_20190826.csv,ok,24e48581c8c7d471794e72b2776c32b2
MERRA2_0358_20190902.csv,ok,faaa344ddde0c75485df381c76cff753
MERRA2_0359_20190923.csv,ok,3faed8d250d40aaa295ab7f2c08f0c8c
MERRA2_0360_20230902.csv,ok,fbcd28b95d67cf43265f43381074f066
MERRA2_0361_20230916.csv,ok,b0c0112b617d7d179f1f99455be735ae
MERRA2_0362_20190920.csv,ok,98fb7e77b3990f6bf25cf8ec80c84e53
MERRA2_0363_20191004.csv,ok,9dee15e062290b410246d0c021df29a0
MERRA2_0364_20191009.csv,ok,6cd34e64be1fb3b2c44e9f156652d079
MERRA2_0365_20190927.csv,ok,7276e95bb4601683149f2e1bb27ab518
MERRA2_0366_20190930.csv,ok,147201c34396fd591690ef9c73b01498
MERRA2_0367_20181018.csv,ok,6a5173255af537b06d1342b588aa5e93
MERRA2_0368_20190930.csv,ok,147201c34396fd591690ef9c73b01498
MERRA2_0369_20191007.csv,ok,ff860d11eb14c9bea38ab574397a0deb
MERRA2_0370_20181016.csv,ok,b1e79829df112d7510f5426eb5584276
MERRA2_0371_20191007.csv,ok,ff860d11eb14c9bea38ab574397a0deb
MERRA2_0372_20181030.csv,ok,ea6fecb21df63365b136156953ad961e
MERRA2_0373_20181108.csv,ok,bcc48b75acb3ccb729594f2692d431c3
MERRA2_0374_20191007.csv,ok,27441967692d2525efbc923c9ebba443
MERRA2_0375_20191017.csv,ok,a7cf9a2f3a8ab6adf8ad04dc26617c09
MERRA2_0376_20181029.csv,ok,b1ff7711d719e9ffc9e16ac3d60010bf
MERRA2_0377_20190927.csv,ok,cd1231e58637b59bd3f37f88fb16807b
MERRA2_0378_20181018.csv,ok,edb3d09bec8f150bd44974c1a572b10a
MERRA2_0379_20181029.csv,ok,b1ff7711d719e9ffc9e16ac3d60010bf
MERRA2_0380_20181119.csv,ok,2d9fcb10640d0c1a18564699f8a2133d
MERRA2_0381_20181002.csv,ok,7d204c1cfc27040dc95391babf489c77
MERRA2_0382_20181002.csv,ok,00c7461e9d51497ef3a03a91fdb0c96c
MERRA2_0383_20230912.csv,ok,8dc2fca81d15068eb3443d143a581475
MERRA2_0384_20230920.csv,ok,0a562bee6869f2c671359b8d13f11107
MERRA2_0385_20190924.csv,ok,396eed1b91d86bfde6b8ab407ac8419d
MERRA2_0386_20191001.csv,ok,c4f09bf2bc0fbc4c64d98256212bef06
MERRA2_0387_20201005.csv,ok,107f89a949c2669fca34c5d26ef1bb06
MERRA2_0388_20201026.csv,ok,2d2862e3a8c35035dec644e8f7bf0eb5
MERRA2_0389_20181002.csv,ok,00c7461e9d51497ef3a03a91fdb0c96c
MERRA2_0390_20190924.csv,ok,396eed1b91d86bfde6b8ab407ac8419d
MERRA2_0391_20191001.csv,ok,c4f09bf2bc0fbc4c64d98256212bef06
MERRA2_0392_20181002.csv,ok,00c7461e9d51497ef3a03a91fdb0c96c
MERRA2_0393_20190924.csv,ok,396eed1b91d86bfde6b8ab407ac8419d
MERRA2_0394_20191008.csv,ok,e96472a80df92c089c32d2795704a026
MERRA2_0395_20191008.csv,ok,e96472a80df92c089c32d2795704a026
MERRA2_0396_20191022.csv,ok,d352f4445908118b7c592732a3adc630
MERRA2_0397_20200915.csv,ok,9ed9179cae414f443641b3408b99ac51
MERRA2_0398_20201005.csv,ok,107f89a949c2669fca34c5d26ef1bb06
MERRA2_0399_20181116.csv,ok,114f69305f0ca35643832d3a3115c36e
MERRA2_0400_20181004.csv,ok,ea638de7c590ef578a81561047714b21
MERRA2_0401_20181018.csv,ok,bf31f1bd2ddab44ff866712e4810cabd
MERRA2_0402_20181004.csv,ok,ea638de7c590ef578a81561047714b21
MERRA2_0403_20181004.csv,ok,ea638de7c590ef578a81561047714b21
MERRA2_0404_20181018.csv,ok,bf31f1bd2ddab44ff866712e4810cabd
MERRA2_0405_20230825.csv,ok,7a17f7ccf747af3f6fe63e074cc45927
MERRA2_0406_20230914.csv,ok,61cf2e21708b2e1456031a79f7b8f176
MERRA2_0407_20230825.csv,ok,7a17f7ccf747af3f6fe63e074cc45927
MERRA2_0408_20230914.csv,ok,61cf2e21708b2e1456031a79f7b8f176
MERRA2_0409_20241004.csv,ok,d7bef52f63971214b8b662fe2c8b3836
MERRA2_0410_20241016.csv,ok,07d7b6e962c63b6af72e892b6ae744b5
MERRA2_0411_20250502.csv,ok,aa2d8d885ef7004accf0f735bc80bd1d
MERRA2_0412_20250523.csv,ok,255302177bd716ccbf07813bd8f56f83
MERRA2_0413_20241004.csv,ok,d7bef52f63971214b8b662fe2c8b3836
MERRA2_0414_20241022.csv,ok,5bd94794917a86faa54e21f9f11aa123
MERRA2_0415_20220914.csv,ok,a69ebcd07a04c97467f808645f7d4c16
MERRA2_0416_20220927.csv,ok,2df65f48ce43031b7aa9d9131a83a5d7
MERRA2_0417_20220927.csv,ok,2df65f48ce43031b7aa9d9131a83a5d7
MERRA2_0418_20220914.csv,ok,a69ebcd07a04c97467f808645f7d4c16
MERRA2_0419_20220927.csv,ok,2df65f48ce43031b7aa9d9131a83a5d7
MERRA2_0420_20220914.csv,ok,a69ebcd07a04c97467f808645f7d4c16
MERRA2_0421_20220920.csv,ok,6f3befdd1cef6d31837ba4cb86cd8a90
MERRA2_0422_20220914.csv,ok,a69ebcd07a04c97467f808645f7d4c16
MERRA2_0423_20221024.csv,ok,c627720eb1e9325576dcaf8a1b0758b7
MERRA2_0424_20221103.csv,ok,0fbb0935c3f505b33435aae56dbc6a31
MERRA2_0425_20220920.csv,ok,6f3befdd1cef6d31837ba4cb86cd8a90
MERRA2_0426_20221003.csv,ok,51bd95bf90453f03c41b5912af006fb1
MERRA2_0427_20221003.csv,ok,51bd95bf90453f03c41b5912af006fb1
MERRA2_0428_20221018.csv,ok,c048779604385e74391811ea20ac575c
MERRA2_0429_20220927.csv,ok,2df65f48ce43031b7aa9d9131a83a5d7
MERRA2_0430_20221018.csv,ok,c048779604385e74391811ea20ac575c
MERRA2_0431_20220914.csv,ok,a69ebcd07a04c97467f808645f7d4c16
MERRA2_0432_20200923.csv,ok,18ccac73fab3e27b7b841a76269624f7
MERRA2_0433_20200928.csv,ok,52f8b88c421eeaf22ad1ad5a75d095fe
MERRA2_0434_20190906.csv,ok,184b0032eadfb0fba08daa2a2d24b1fe
MERRA2_0435_20190927.csv,ok,0db80171d1dd2662a125d781309af786
MERRA2_0436_20230927.csv,ok,373d953b5ac52b509245413c4f43832a
MERRA2_0437_20231003.csv,ok,75c6a48918cb56ff8d09c65d7716ee33
MERRA2_0438_20231024.csv,ok,b269957ac62e2437cd87c84303055f6c
MERRA2_0439_20230829.csv,ok,70e466477be7fe968315f4d12923f77c
MERRA2_0440_20230912.csv,ok,de265199118a474ef71ba79b84e24c20
MERRA2_0441_20231003.csv,ok,75c6a48918cb56ff8d09c65d7716ee33
MERRA2_0442_20230912.csv,ok,de265199118a474ef71ba79b84e24c20
MERRA2_0443_20231003.csv,ok,75c6a48918cb56ff8d09c65d7716ee33
MERRA2_0444_20230919.csv,ok,80ca2e506d22472a441377142d162b30
MERRA2_0445_20231003.csv,ok,75c6a48918cb56ff8d09c65d7716ee33
MERRA2_0446_20231024.csv,ok,b269957ac62e2437cd87c84303055f6c
MERRA2_0447_20230912.csv,ok,de265199118a474ef71ba79b84e24c20
MERRA2_0448_20231003.csv,ok,75c6a48918cb56ff8d09c65d7716ee33
MERRA2_0449_20231011.csv,ok,2df1862858eceab61444cd0c8ca3ed28
MERRA2_0450_20231031.csv,ok,c82d0661bf4a7f69f9240e4517f95e9b
MERRA2_0451_20231011.csv,ok,2df1862858eceab61444cd0c8ca3ed28
MERRA2_0452_20231024.csv,ok,b269957ac62e2437cd87c84303055f6c
MERRA2_0453_20231114.csv,ok,23e5b77ae6c0bc2465ac1bb9dc395750
MERRA2_0454_20231011.csv,ok,2df1862858eceab61444cd0c8ca3ed28
MERRA2_0455_20231031.csv,ok,c82d0661bf4a7f69f9240e4517f95e9b
MERRA2_0456_20230829.csv,ok,70e466477be7fe968315f4d12923f77c
MERRA2_0457_20230912.csv,ok,de265199118a474ef71ba79b84e24c20
MERRA2_0458_20231003.csv,ok,75c6a48918cb56ff8d09c65d7716ee33
MERRA2_0459_20231011.csv,ok,2df1862858eceab61444cd0c8ca3ed28
MERRA2_0460_20231031.csv,ok,c82d0661bf4a7f69f9240e4517f95e9b
MERRA2_0461_20190820.csv,ok,6827cd848d9d6177bd73b4cafa4f2f04
MERRA2_0462_20190904.csv,ok,fb85d9383674ca685a7ddf3bfffac852
MERRA2_0463_20190923.csv,ok,7ef3ac81da241e4aea80e0fc13b47126
MERRA2_0464_20211012.csv,ok,18cd8c82ddbdb0ab3c217f1b0afcf1de
MERRA2_0465_20211026.csv,ok,e6949cadb5f1c7b45d0cfd5a480b9aaa
MERRA2_0466_20231003.csv,ok,75c6a48918cb56ff8d09c65d7716ee33
MERRA2_0467_20231017.csv,ok,c4c21f2c5dc487b5342aaa08bfd62cfd
MERRA2_0468_20231107.csv,ok,e1287f0aa0ee4ac8a86c8c48f6c42286
MERRA2_0469_20211012.csv,ok,18cd8c82ddbdb0ab3c217f1b0afcf1de
MERRA2_0470_20211026.csv,ok,e6949cadb5f1c7b45d0cfd5a480b9aaa
MERRA2_0471_20211004.csv,ok,59a80321d2bf0ca05262d515d4d70a59
MERRA2_0472_20211012.csv,ok,18cd8c82ddbdb0ab3c217f1b0afcf1de
MERRA2_0473_20211026.csv,ok,e6949cadb5f1c7b45d0cfd5a480b9aaa
MERRA2_0474_20190904.csv,ok,fb85d9383674ca685a7ddf3bfffac852
MERRA2_0475_20190923.csv,ok,7ef3ac81da241e4aea80e0fc13b47126
MERRA2_0476_20211004.csv,ok,59a80321d2bf0ca05262d515d4d70a59
MERRA2_0477_20211012.csv,ok,18cd8c82ddbdb0ab3c217f1b0afcf1de
MERRA2_0478_20211026.csv,ok,e6949cadb5f1c7b45d0cfd5a480b9aaa
MERRA2_0479_20230829.csv,ok,70e466477be7fe968315f4d12923f77c
MERRA2_0480_20230913.csv,ok,4b5975d044ecbb73c8d8dc54a0362d38
MERRA2_0481_20231003.csv,ok,75c6a48918cb56ff8d09c65d7716ee33
MERRA2_0482_20231003.csv,ok,75c6a48918cb56ff8d09c65d7716ee33
MERRA2_0483_20231011.csv,ok,2df1862858eceab61444cd0c8ca3ed28
MERRA2_0484_20231011.csv,ok,2df1862858eceab61444cd0c8ca3ed28
MERRA2_0485_20231017.csv,ok,c4c21f2c5dc487b5342aaa08bfd62cfd
MERRA2_0486_20231107.csv,ok,e1287f0aa0ee4ac8a86c8c48f6c42286
MERRA2_0487_20230912.csv,ok,de265199118a474ef71ba79b84e24c20
MERRA2_0488_20231003.csv,ok,75c6a48918cb56ff8d09c65d7716ee33
MERRA2_0489_20211012.csv,ok,18cd8c82ddbdb0ab3c217f1b0afcf1de
MERRA2_0490_20211019.csv,ok,f62077b0e777517cb3306c9f66a991f0
MERRA2_0491_20211109.csv,ok,4319c150f1d4fb51b84c0478db539f41
MERRA2_0492_20190904.csv,ok,fb85d9383674ca685a7ddf3bfffac852
MERRA2_0493_20190923.csv,ok,7ef3ac81da241e4aea80e0fc13b47126
MERRA2_0494_20250801.csv,ok,c6b30ce35ab1b4b627bf46f262dfcc3e
MERRA2_0495_20250815.csv,ok,23cd8276a40b2a82b4464eed8d464818
MERRA2_0496_20191106.csv,ok,1361d398e71702f58bf6699bb8d2e0ee
MERRA2_0497_20181120.csv,ok,d044a741d5935e8a7fcaab0d7005c2a7
MERRA2_0498_20191106.csv,ok,1361d398e71702f58bf6699bb8d2e0ee
MERRA2_0499_20191106.csv,ok,1361d398e71702f58bf6699bb8d2e0ee
MERRA2_0500_20181019.csv,ok,15bc495ffe1f1318097885ebd8708bd9
MERRA2_0501_20181109.csv,ok,99b60bd7c58a149462ac7507d7df60f6
MERRA2_0502_20181031.csv,ok,544628b6b07be7d7e24c53a7a1045302
MERRA2_0503_20181120.csv,ok,d044a741d5935e8a7fcaab0d7005c2a7
MERRA2_0504_20190930.csv,ok,8fd81d4338b675974c847d8de3fb1cf5
MERRA2_0505_20181019.csv,ok,15bc495ffe1f1318097885ebd8708bd9
MERRA2_0506_20181031.csv,ok,544628b6b07be7d7e24c53a7a1045302
MERRA2_0507_20190925.csv,ok,cb72df5f6980fcc0db6aacf794766dda
MERRA2_0508_20190925.csv,ok,45ac9a8a8fda2d7378500bd856f13abb
MERRA2_0509_20190925.csv,ok,45ac9a8a8fda2d7378500bd856f13abb
MERRA2_0510_20190925.csv,ok,45ac9a8a8fda2d7378500bd856f13abb
MERRA2_0511_20250321.csv,ok,5f0866c79b51dc25de36fc5407c2afac
MERRA2_0512_20250411.csv,ok,c58d793c4841315cc7854a401cb8eb28
MERRA2_0513_20250704.csv,ok,f3b8aafc185716c6c931f213178aeb71
MERRA2_0514_20250718.csv,ok,679b606fa64144b0c3d338a91fe7cce0
MERRA2_0515_20250808.csv,ok,a373e772be83bcb40f6c7f4c57392aeb
MERRA2_0516_20230809.csv,ok,7d3ab8f355a448b052a884c9b833e89e
MERRA2_0517_20230830.csv,ok,3b7eaddb3e8da9eea6100c10ce59d300
MERRA2_0518_20240711.csv,ok,a30ba3333153692d36fdb4d0c1be43c1
MERRA2_0519_20240719.csv,ok,a38212f683532af9567c2404fa696e91
MERRA2_0520_20240809.csv,ok,6fe5314bc913cf882ef36dc057dafcc8
