epoch,train_loss,val_mcc,val_acc,val_auc,val_loss,lr_now
1,0.6472170551617941,0.15203981541103959,0.6025641025641025,0.6121079993291967,0.6749133229255676,0.0002
2,0.6465501834948858,0.15055279749415254,0.6025641025641025,0.6188160321985577,0.6737424612045289,0.0002
3,0.63870241244634,0.15055279749415254,0.6025641025641025,0.6231762535636425,0.6729326367378234,0.0002
4,0.6416788895924886,0.168417063170343,0.6089743589743589,0.6261948683548549,0.671942949295044,0.0002
5,0.6307472586631775,0.20430922417385872,0.6217948717948718,0.6277041757504612,0.6709830522537231,0.0002
6,0.6299028396606445,0.20430922417385872,0.6217948717948718,0.6308904913634077,0.670094883441925,0.0002
7,0.6325778961181641,0.22108358936543643,0.6282051282051282,0.6302196880764716,0.6693203687667847,0.0002
8,0.6311002324024836,0.22108358936543643,0.6282051282051282,0.6334060036894181,0.6684980034828186,0.0002
9,0.6274123440186182,0.22108358936543643,0.6282051282051282,0.6354184135502263,0.6677762269973755,0.0002
10,0.6226370632648468,0.21920797306545153,0.6282051282051282,0.6382693275197049,0.6671062707901001,0.0002
11,0.6243684440851212,0.184579235709792,0.6153846153846154,0.6409525406674492,0.6664333820343018,0.0002
12,0.6187623093525568,0.1680833080195423,0.6089743589743589,0.6422941472413215,0.6658031582832337,0.0002
13,0.6128278026978174,0.1680833080195423,0.6089743589743589,0.6433003521717257,0.6651141524314881,0.0002
14,0.6168544292449951,0.1680833080195423,0.6089743589743589,0.6451450612107998,0.6645975112915039,0.0002
15,0.6073809017737707,0.20064649666520512,0.6217948717948718,0.6481636760020125,0.6641917109489441,0.0002
16,0.609130804737409,0.21647496467361993,0.6282051282051282,0.6491698809324166,0.6638437509536743,0.0002
17,0.6020016123851141,0.2624399502479847,0.6474358974358975,0.6446419587455978,0.6634971857070923,0.0002
18,0.5999896774689356,0.2624399502479847,0.6474358974358975,0.6436357538151937,0.6633370995521546,0.0002
19,0.595249762137731,0.2624399502479847,0.6474358974358975,0.6431326513499915,0.663296926021576,0.0002
20,0.59064848224322,0.2624399502479847,0.6474358974358975,0.6422941472413216,0.6634959936141968,0.0002
21,0.5805035134156545,0.23168163608420367,0.6346153846153846,0.6389401308066409,0.6637666463851929,0.0002
22,0.5824267665545145,0.23168163608420367,0.6346153846153846,0.6374308234110347,0.6644733071327209,0.0002
23,0.575446605682373,0.2319361456552347,0.6346153846153846,0.6377662250545028,0.66526859998703,0.0002
24,0.5714249312877655,0.232440670908386,0.6346153846153846,0.6342445077980882,0.6661551117897033,0.0002
25,0.5644255032142004,0.2331735687547396,0.6346153846153846,0.6308904913634077,0.6671485424041748,0.0002
26,0.5583812048037847,0.21932796012290232,0.6282051282051282,0.6285426798591313,0.6681270480155945,0.0002
27,0.565495103597641,0.23411719143240814,0.6346153846153846,0.6303873888982056,0.6693696856498719,0.0002
28,0.5568586165706316,0.23411719143240814,0.6346153846153846,0.6302196880764716,0.67005455493927,0.0002
29,0.5574867278337479,0.23411719143240814,0.6346153846153846,0.6313935938286099,0.6708025693893432,0.0002
30,0.5574474607904752,0.23411719143240814,0.6346153846153846,0.6322320979372799,0.6712416887283326,0.0002
31,0.5445658912261327,0.24877579086952753,0.6410256410256411,0.6318966962938118,0.67179936170578,0.0002
32,0.5517525523900986,0.23411719143240814,0.6346153846153846,0.6329029012242161,0.672152292728424,0.0002
33,0.5440510834256808,0.23411719143240814,0.6346153846153846,0.6350830119067584,0.67269446849823,0.0002
34,0.5489494303862253,0.23411719143240814,0.6346153846153846,0.6362569176588967,0.6729781031608582,0.0002
35,0.5294245332479477,0.23411719143240814,0.6346153846153846,0.6367600201240986,0.6727125167846679,0.0002
36,0.5403665453195572,0.23411719143240814,0.6346153846153846,0.6374308234110347,0.673531973361969,0.0002
37,0.5486349686980247,0.23411719143240814,0.6346153846153846,0.6374308234110347,0.6735979795455933,0.0002
38,0.5337402994434038,0.23411719143240814,0.6346153846153846,0.639275532450109,0.6738430023193359,0.0002
39,0.5274660289287567,0.23411719143240814,0.6346153846153846,0.6407848398457153,0.6742181420326233,0.0001
40,0.5357469866673151,0.23411719143240814,0.6346153846153846,0.6417910447761195,0.6742294311523438,0.0001
41,0.5302730103333791,0.23411719143240814,0.6346153846153846,0.6421264464195874,0.6742441415786743,0.0001
42,0.5270291939377785,0.23411719143240814,0.6346153846153846,0.6426295488847895,0.674336564540863,0.0001
43,0.544112409154574,0.23411719143240814,0.6346153846153846,0.6431326513499916,0.6746914148330688,0.0001
44,0.5432715987165769,0.23411719143240814,0.6346153846153846,0.6439711554586617,0.6745113492012024,0.0001
45,0.5357731282711029,0.23411719143240814,0.6346153846153846,0.6441388562803957,0.6743882656097412,0.0001
46,0.5321012412508329,0.23411719143240814,0.6346153846153846,0.6446419587455978,0.6743034839630127,0.0001
47,0.5283097426096598,0.24791205517651363,0.6410256410256411,0.6469897702498741,0.6740942597389221,0.0001
48,0.5337900246183077,0.24791205517651363,0.6410256410256411,0.6478282743585444,0.674115264415741,0.0001
49,0.5319729695717493,0.24791205517651363,0.6410256410256411,0.6490021801106826,0.6739473581314087,0.0001
50,0.532009112338225,0.24791205517651363,0.6410256410256411,0.6493375817541506,0.6740245580673218,0.0001
51,0.530769370496273,0.2619513193289005,0.6474358974358975,0.6498406842193526,0.6739208459854126,0.0001
52,0.5264056672652563,0.2619513193289005,0.6474358974358975,0.6516853932584269,0.6741981863975525,0.0001
53,0.5156001398960749,0.2619513193289005,0.6474358974358975,0.6516853932584269,0.6742980360984803,0.0001
54,0.5286954293648402,0.2619513193289005,0.6474358974358975,0.651853094080161,0.6746424913406373,0.0001
55,0.5277914653221766,0.2619513193289005,0.6474358974358975,0.652020794901895,0.6747602939605712,0.0001
56,0.5204605485002199,0.2619513193289005,0.6474358974358975,0.6518530940801609,0.6748271822929383,0.0001
57,0.5315935785571734,0.2619513193289005,0.6474358974358975,0.6525238973670971,0.6747948408126831,0.0001
58,0.5507581606507301,0.2619513193289005,0.6474358974358975,0.6528592990105652,0.6750272274017334,0.0001
59,0.5372912089029948,0.2619513193289005,0.6474358974358975,0.6535301022975013,0.6747102499008178,0.0001
60,0.5406389087438583,0.2619513193289005,0.6474358974358975,0.6543686064061713,0.6746252655982972,5e-05
61,0.5190989300608635,0.2619513193289005,0.6474358974358975,0.6545363072279053,0.674519681930542,5e-05
62,0.529278372724851,0.2619513193289005,0.6474358974358975,0.6545363072279053,0.674571430683136,5e-05
63,0.5179898366332054,0.2619513193289005,0.6474358974358975,0.6550394096931076,0.674537456035614,5e-05
64,0.5257430076599121,0.2619513193289005,0.6474358974358975,0.6553748113365755,0.6745788931846619,5e-05
65,0.5267886966466904,0.2619513193289005,0.6474358974358975,0.6553748113365755,0.6744873285293579,5e-05
66,0.5257833500703176,0.2619513193289005,0.6474358974358975,0.6553748113365755,0.6745106816291809,5e-05
67,0.5251748065153757,0.2619513193289005,0.6474358974358975,0.6562133154452456,0.6745025396347046,5e-05
68,0.5237580239772797,0.2619513193289005,0.6474358974358975,0.6565487170887137,0.6745796799659729,5e-05
69,0.5328048219283422,0.2619513193289005,0.6474358974358975,0.6568841187321818,0.6745487689971924,5e-05
70,0.5219697281718254,0.26163611749591276,0.6474358974358975,0.6578903236625859,0.6744983196258545,5e-05
71,0.5332160716255506,0.2619513193289005,0.6474358974358975,0.658225725306054,0.6745266556739807,5e-05
72,0.529772679011027,0.2762517986270145,0.6538461538461539,0.6578903236625859,0.6744077324867248,5e-05
73,0.5166550800204277,0.2762517986270145,0.6538461538461539,0.658561126949522,0.6744036436080932,5e-05
74,0.5287153397997221,0.2762517986270145,0.6538461538461539,0.6590642294147241,0.6744815111160278,5e-05
75,0.5166061421235403,0.2762517986270145,0.6538461538461539,0.6595673318799262,0.6744452953338623,5e-05
76,0.522404690583547,0.2762517986270145,0.6538461538461539,0.6593996310581922,0.674486768245697,5e-05
77,0.5147189150253931,0.2762517986270145,0.6538461538461539,0.6588965285929901,0.6745284914970398,5e-05
78,0.5203505232930183,0.2762517986270145,0.6538461538461539,0.6588965285929901,0.6746539354324341,5e-05
79,0.5131648754080137,0.2762517986270145,0.6538461538461539,0.6590642294147241,0.6747080326080322,5e-05
80,0.5087000131607056,0.2762517986270145,0.6538461538461539,0.6587288277712561,0.6747752785682678,5e-05
81,0.519601988295714,0.2762517986270145,0.6538461538461539,0.6585611269495221,0.674800431728363,2.5e-05
82,0.5130245884259542,0.2762517986270145,0.6538461538461539,0.658225725306054,0.6748618245124817,2.5e-05
83,0.5168034161130587,0.2762517986270145,0.6538461538461539,0.6577226228408519,0.6748671054840087,2.5e-05
84,0.5338102405269941,0.26163611749591276,0.6474358974358975,0.6578903236625859,0.6748528718948364,2.5e-05
85,0.5321670447786649,0.26163611749591276,0.6474358974358975,0.65805802448432,0.6747817277908326,2.5e-05
86,0.5146385033925375,0.26163611749591276,0.6474358974358975,0.657890323662586,0.6747563004493713,2.5e-05
87,0.5180957516034445,0.26163611749591276,0.6474358974358975,0.657890323662586,0.6747495651245117,2.5e-05
88,0.5188504531979561,0.26163611749591276,0.6474358974358975,0.6575549220191178,0.6747758626937866,2.5e-05
89,0.5298683270812035,0.26163611749591276,0.6474358974358975,0.6577226228408519,0.6747118353843689,2.5e-05
90,0.5324098890026411,0.26163611749591276,0.6474358974358975,0.6578903236625859,0.6747271418571472,2.5e-05
91,0.5270772725343704,0.26163611749591276,0.6474358974358975,0.658393426127788,0.6746845960617065,2.5e-05
92,0.5313174699743589,0.26163611749591276,0.6474358974358975,0.6583934261277878,0.6747019410133361,2.5e-05
93,0.5236187900106112,0.26163611749591276,0.6474358974358975,0.6585611269495222,0.674639880657196,2.5e-05
94,0.5236527770757675,0.26163611749591276,0.6474358974358975,0.6585611269495222,0.6746370553970337,2.5e-05
95,0.5118031824628512,0.26163611749591276,0.6474358974358975,0.658561126949522,0.6746203899383545,2.5e-05
96,0.5175029411911964,0.26163611749591276,0.6474358974358975,0.658561126949522,0.6746388077735901,2.5e-05
97,0.5200032566984495,0.26163611749591276,0.6474358974358975,0.658561126949522,0.6746973514556884,2.5e-05
98,0.5148806472619375,0.26163611749591276,0.6474358974358975,0.658561126949522,0.6746558904647827,2.5e-05
99,0.5152596235275269,0.26163611749591276,0.6474358974358975,0.6587288277712561,0.6747092127799987,2.5e-05
100,0.5216826125979424,0.26163611749591276,0.6474358974358975,0.6587288277712561,0.6747079610824585,2.5e-05
101,0.5313237756490707,0.26163611749591276,0.6474358974358975,0.6592319302364581,0.6747303485870362,2.5e-05
102,0.5297329276800156,0.26163611749591276,0.6474358974358975,0.6593996310581921,0.6746314287185669,1.25e-05
103,0.514585979282856,0.26163611749591276,0.6474358974358975,0.6595673318799261,0.6745938897132874,1.25e-05
104,0.5156753957271576,0.26163611749591276,0.6474358974358975,0.6595673318799261,0.6745987296104431,1.25e-05
105,0.5154595846931139,0.26163611749591276,0.6474358974358975,0.6595673318799261,0.6746063947677612,1.25e-05
106,0.5121346215407053,0.26163611749591276,0.6474358974358975,0.6595673318799261,0.6746091723442078,1.25e-05
107,0.515662839015325,0.26163611749591276,0.6474358974358975,0.6595673318799261,0.6746246814727783,1.25e-05
108,0.5066290472944578,0.26163611749591276,0.6474358974358975,0.6597350327016602,0.6746420502662659,1.25e-05
109,0.5181714271505674,0.26163611749591276,0.6474358974358975,0.6599027335233942,0.6746681094169616,1.25e-05
110,0.516852006316185,0.26163611749591276,0.6474358974358975,0.6597350327016602,0.6746668338775634,1.25e-05
111,0.5268039107322693,0.26163611749591276,0.6474358974358975,0.6599027335233942,0.6746616959571838,1.25e-05
112,0.5192203546563784,0.26163611749591276,0.6474358974358975,0.6597350327016602,0.6746627807617187,1.25e-05
113,0.5161580716570219,0.26163611749591276,0.6474358974358975,0.6597350327016601,0.6746770858764648,1.25e-05
114,0.5130373239517212,0.26163611749591276,0.6474358974358975,0.6597350327016601,0.6746963024139404,1.25e-05
115,0.5109763642152151,0.26163611749591276,0.6474358974358975,0.6599027335233941,0.6747106671333313,1.25e-05
116,0.5230721260110537,0.26163611749591276,0.6474358974358975,0.6598188831125272,0.6747274398803711,1.25e-05
117,0.5101714332898458,0.26163611749591276,0.6474358974358975,0.6597350327016601,0.6747302174568176,1.25e-05
118,0.5313425064086914,0.26163611749591276,0.6474358974358975,0.6597350327016601,0.6747339606285095,1.25e-05
119,0.5201508377989134,0.26163611749591276,0.6474358974358975,0.6599027335233942,0.6747383356094361,1.25e-05
120,0.5303151831030846,0.26163611749591276,0.6474358974358975,0.6599027335233942,0.6747325181961059,1.25e-05
121,0.5186924388011297,0.26163611749591276,0.6474358974358975,0.6599027335233942,0.6747107148170471,1.25e-05
122,0.5224130153656006,0.26163611749591276,0.6474358974358975,0.6600704343451281,0.6747292876243591,1.25e-05
123,0.5057191227873167,0.26163611749591276,0.6474358974358975,0.6602381351668623,0.6747195720672607,6.25e-06
124,0.5186955730120341,0.26163611749591276,0.6474358974358975,0.6602381351668623,0.6747265696525574,6.25e-06
125,0.510278508067131,0.26163611749591276,0.6474358974358975,0.6604058359885963,0.6747246861457825,6.25e-06
126,0.5141448527574539,0.26163611749591276,0.6474358974358975,0.6602381351668624,0.674743902683258,6.25e-06
127,0.5209746137261391,0.26163611749591276,0.6474358974358975,0.6602381351668624,0.6747561097145081,6.25e-06
128,0.50840675085783,0.26163611749591276,0.6474358974358975,0.6602381351668624,0.6747419357299804,6.25e-06
129,0.5109921370943388,0.26163611749591276,0.6474358974358975,0.6602381351668624,0.6747462511062622,6.25e-06
130,0.5182861089706421,0.26163611749591276,0.6474358974358975,0.6602381351668624,0.6747365474700928,6.25e-06
131,0.5192989955345789,0.26163611749591276,0.6474358974358975,0.6599027335233942,0.6747331023216248,6.25e-06
132,0.5109304164846739,0.26163611749591276,0.6474358974358975,0.6599027335233942,0.6747278690338134,6.25e-06
133,0.5092221622665724,0.26163611749591276,0.6474358974358975,0.6599027335233942,0.6747294306755066,6.25e-06
134,0.5106663629412651,0.26163611749591276,0.6474358974358975,0.6599027335233942,0.6747447967529296,6.25e-06
135,0.5106297557552656,0.26163611749591276,0.6474358974358975,0.6599027335233942,0.6747546792030334,6.25e-06
136,0.5233273729681969,0.26163611749591276,0.6474358974358975,0.6600704343451284,0.6747613906860351,6.25e-06
137,0.5124410837888718,0.26163611749591276,0.6474358974358975,0.6600704343451284,0.6747593998908996,6.25e-06
138,0.5099185556173325,0.26163611749591276,0.6474358974358975,0.6600704343451284,0.6747639656066895,6.25e-06
139,0.5126936510205269,0.26163611749591276,0.6474358974358975,0.6600704343451284,0.6747613191604614,6.25e-06
140,0.5107589463392893,0.26163611749591276,0.6474358974358975,0.6602381351668624,0.6747583985328675,6.25e-06
141,0.5188207204143206,0.26163611749591276,0.6474358974358975,0.6600704343451282,0.6747690081596375,6.25e-06
142,0.5176039437452952,0.26163611749591276,0.6474358974358975,0.6602381351668624,0.674762511253357,6.25e-06
143,0.5213205715020498,0.26163611749591276,0.6474358974358975,0.6602381351668624,0.6747694849967957,6.25e-06
144,0.5154004444678625,0.26163611749591276,0.6474358974358975,0.6602381351668624,0.6747668743133545,3.125e-06
145,0.5139106884598732,0.26163611749591276,0.6474358974358975,0.6604058359885964,0.6747662663459778,3.125e-06
146,0.5124743754665056,0.26163611749591276,0.6474358974358975,0.6604058359885964,0.6747639894485473,3.125e-06
147,0.517671118179957,0.26163611749591276,0.6474358974358975,0.6604058359885964,0.6747700214385987,3.125e-06
148,0.5137944842378298,0.26163611749591276,0.6474358974358975,0.6604058359885964,0.6747697353363037,3.125e-06
149,0.5186716939012209,0.26163611749591276,0.6474358974358975,0.6605735368103304,0.6747705221176148,3.125e-06
150,0.504962275425593,0.26163611749591276,0.6474358974358975,0.6605735368103304,0.6747684359550477,3.125e-06
151,0.517060657342275,0.26163611749591276,0.6474358974358975,0.6605735368103304,0.6747770428657531,3.125e-06
152,0.503540019194285,0.26163611749591276,0.6474358974358975,0.6605735368103304,0.674778151512146,3.125e-06
153,0.5208101570606232,0.26163611749591276,0.6474358974358975,0.6605735368103304,0.6747832298278809,3.125e-06
154,0.5196782524387041,0.26163611749591276,0.6474358974358975,0.6605735368103304,0.6747839450836182,3.125e-06
155,0.5140028620759646,0.26163611749591276,0.6474358974358975,0.6605735368103304,0.6747847318649292,3.125e-06
156,0.512090469400088,0.26163611749591276,0.6474358974358975,0.6605735368103304,0.6747871994972229,3.125e-06
157,0.5113036508361498,0.26163611749591276,0.6474358974358975,0.6605735368103304,0.6747859239578247,3.125e-06
158,0.5238709722956022,0.26163611749591276,0.6474358974358975,0.6605735368103304,0.6747898817062378,3.125e-06
159,0.5199260612328848,0.26163611749591276,0.6474358974358975,0.6605735368103304,0.6747800588607789,3.125e-06
160,0.5041074926654497,0.26163611749591276,0.6474358974358975,0.6605735368103304,0.6747810959815979,3.125e-06
161,0.5149990990757942,0.26163611749591276,0.6474358974358975,0.6605735368103304,0.6747863531112671,3.125e-06
162,0.5236445143818855,0.26163611749591276,0.6474358974358975,0.6605735368103304,0.674788749217987,3.125e-06
163,0.5159402141968409,0.26163611749591276,0.6474358974358975,0.6605735368103304,0.6747841119766236,3.125e-06
164,0.5149505361914635,0.26163611749591276,0.6474358974358975,0.6605735368103304,0.6747885465621948,3.125e-06
165,0.5211438412467638,0.26163611749591276,0.6474358974358975,0.6607412376320644,0.6747863054275512,1.5625e-06
166,0.512724868953228,0.26163611749591276,0.6474358974358975,0.6607412376320644,0.6747874736785888,1.5625e-06
167,0.5102765262126923,0.26163611749591276,0.6474358974358975,0.6607412376320644,0.6747896075248718,1.5625e-06
168,0.5217446088790894,0.26163611749591276,0.6474358974358975,0.6607412376320644,0.6747901201248169,1.5625e-06
169,0.5214740658799807,0.26163611749591276,0.6474358974358975,0.6607412376320644,0.6747904062271118,1.5625e-06
170,0.5072619467973709,0.26163611749591276,0.6474358974358975,0.6605735368103304,0.6747883915901184,1.5625e-06
171,0.5202688996990522,0.26163611749591276,0.6474358974358975,0.6605735368103304,0.6747860670089721,1.5625e-06
172,0.5227446729938189,0.26163611749591276,0.6474358974358975,0.6605735368103304,0.6747843980789184,1.5625e-06
173,0.5279999524354935,0.26163611749591276,0.6474358974358975,0.6605735368103304,0.6747835040092468,1.5625e-06
174,0.5135282576084137,0.26163611749591276,0.6474358974358975,0.6605735368103304,0.6747815370559692,1.5625e-06
175,0.5036977107326189,0.26163611749591276,0.6474358974358975,0.6607412376320644,0.6747835874557495,1.5625e-06
176,0.5273502965768179,0.26163611749591276,0.6474358974358975,0.6607412376320644,0.6747875452041626,1.5625e-06
177,0.5092667092879614,0.26163611749591276,0.6474358974358975,0.6607412376320644,0.6747856736183167,1.5625e-06
178,0.5122311487793922,0.26163611749591276,0.6474358974358975,0.6607412376320644,0.6747869849205017,1.5625e-06
179,0.5109231596191725,0.26163611749591276,0.6474358974358975,0.6607412376320644,0.6747893929481507,1.5625e-06
180,0.5017005031307539,0.26163611749591276,0.6474358974358975,0.6607412376320644,0.6747915983200073,1.5625e-06
181,0.5270529538393021,0.26163611749591276,0.6474358974358975,0.6609089384537984,0.6747946619987488,1.5625e-06
182,0.5135380203525225,0.26163611749591276,0.6474358974358975,0.6609089384537984,0.6747958421707153,1.5625e-06
183,0.5163293033838272,0.26163611749591276,0.6474358974358975,0.6609089384537984,0.6747950911521912,1.5625e-06
184,0.5029911895593008,0.26163611749591276,0.6474358974358975,0.6609089384537984,0.674795126914978,1.5625e-06
185,0.5174839670459429,0.26163611749591276,0.6474358974358975,0.6609089384537984,0.6747950553894043,1.5625e-06
186,0.5253873914480209,0.26163611749591276,0.6474358974358975,0.6609089384537984,0.6747937321662902,1e-06
187,0.5165748248497645,0.26163611749591276,0.6474358974358975,0.6610766392755324,0.674793028831482,1e-06
188,0.5103900382916132,0.26163611749591276,0.6474358974358975,0.6610766392755324,0.6747904419898987,1e-06
189,0.5153941238919894,0.26163611749591276,0.6474358974358975,0.6610766392755324,0.6747917771339417,1e-06
190,0.5062785868843397,0.26163611749591276,0.6474358974358975,0.6610766392755324,0.6747916221618653,1e-06
191,0.5107971007625262,0.26163611749591276,0.6474358974358975,0.6610766392755324,0.6747924089431763,1e-06
192,0.5157065987586975,0.26163611749591276,0.6474358974358975,0.6609089384537984,0.67479407787323,1e-06
193,0.5082339098056158,0.26163611749591276,0.6474358974358975,0.6609089384537984,0.6747951626777648,1e-06
194,0.5321381588776907,0.26163611749591276,0.6474358974358975,0.6609089384537984,0.674795138835907,1e-06
195,0.5317573423186938,0.26163611749591276,0.6474358974358975,0.6609089384537984,0.6747939467430115,1e-06
196,0.5113769123951594,0.26163611749591276,0.6474358974358975,0.6607412376320644,0.674791669845581,1e-06
197,0.526112844546636,0.26163611749591276,0.6474358974358975,0.6607412376320644,0.674791133403778,1e-06
198,0.5099162608385086,0.26163611749591276,0.6474358974358975,0.6607412376320644,0.674790894985199,1e-06
199,0.5022320573528608,0.26163611749591276,0.6474358974358975,0.6607412376320644,0.6747919917106628,1e-06
200,0.5153512929876646,0.26163611749591276,0.6474358974358975,0.6607412376320644,0.6747935891151429,1e-06
201,0.530918724834919,0.26163611749591276,0.6474358974358975,0.6607412376320644,0.6747950553894043,1e-06
202,0.5101163933674494,0.26163611749591276,0.6474358974358975,0.6607412376320644,0.6747934103012085,1e-06
203,0.5160866503914198,0.26163611749591276,0.6474358974358975,0.6607412376320644,0.6747939705848693,1e-06
204,0.5098746617635092,0.26163611749591276,0.6474358974358975,0.6607412376320644,0.6747938513755798,1e-06
205,0.5111576616764069,0.26163611749591276,0.6474358974358975,0.6607412376320644,0.6747961521148682,1e-06
206,0.5187170853217443,0.26163611749591276,0.6474358974358975,0.6607412376320644,0.6747979879379272,1e-06
207,0.5152396981914839,0.26163611749591276,0.6474358974358975,0.6607412376320644,0.6747960925102234,1e-06
208,0.5178093686699867,0.26163611749591276,0.6474358974358975,0.6607412376320644,0.6747984647750854,1e-06
209,0.5130004460612932,0.26163611749591276,0.6474358974358975,0.6607412376320644,0.6747978329658508,1e-06
210,0.5261863345901171,0.26163611749591276,0.6474358974358975,0.6607412376320644,0.6747986078262329,1e-06
211,0.5053983156879743,0.26163611749591276,0.6474358974358975,0.6607412376320644,0.6747962594032287,1e-06
212,0.5307605291406313,0.26163611749591276,0.6474358974358975,0.6607412376320644,0.6747963547706604,1e-06
213,0.5189160630106926,0.26163611749591276,0.6474358974358975,0.6607412376320644,0.6747951865196228,1e-06
214,0.5089541946848234,0.26163611749591276,0.6474358974358975,0.6607412376320644,0.6747933149337768,1e-06
215,0.5148170764247576,0.26163611749591276,0.6474358974358975,0.6607412376320644,0.6747948408126831,1e-06
216,0.5123419736822447,0.26163611749591276,0.6474358974358975,0.6607412376320644,0.6747964978218078,1e-06
217,0.527688334385554,0.26163611749591276,0.6474358974358975,0.6607412376320644,0.674796712398529,1e-06
218,0.512222391863664,0.26163611749591276,0.6474358974358975,0.6607412376320644,0.6747963786125183,1e-06
219,0.5227408160765966,0.26163611749591276,0.6474358974358975,0.6607412376320644,0.6747959136962891,1e-06
220,0.5266223251819611,0.26163611749591276,0.6474358974358975,0.6607412376320644,0.6747967839241028,1e-06
221,0.5067798892656962,0.26163611749591276,0.6474358974358975,0.6607412376320644,0.6747955560684205,1e-06
222,0.5087402015924454,0.26163611749591276,0.6474358974358975,0.6607412376320644,0.6747950911521912,1e-06
223,0.5195738524198532,0.26163611749591276,0.6474358974358975,0.6607412376320644,0.6747967839241028,1e-06
224,0.5038627535104752,0.26163611749591276,0.6474358974358975,0.6607412376320644,0.6747960567474365,1e-06
225,0.5098117540280024,0.26163611749591276,0.6474358974358975,0.6607412376320644,0.674797797203064,1e-06
226,0.5179813926418623,0.26163611749591276,0.6474358974358975,0.6607412376320644,0.674797534942627,1e-06
227,0.5096726914246877,0.26163611749591276,0.6474358974358975,0.6607412376320644,0.6747975707054138,1e-06
228,0.5237889836231867,0.26163611749591276,0.6474358974358975,0.6607412376320644,0.6748000144958496,1e-06
229,0.5202587122718493,0.26163611749591276,0.6474358974358975,0.6607412376320644,0.674797785282135,1e-06
230,0.5127116218209267,0.26163611749591276,0.6474358974358975,0.6607412376320644,0.6747975707054138,1e-06
231,0.5219500536719958,0.26163611749591276,0.6474358974358975,0.6607412376320644,0.6747980117797852,1e-06
232,0.5237174356977145,0.26163611749591276,0.6474358974358975,0.6607412376320644,0.6747965097427369,1e-06
233,0.5184324706594149,0.26163611749591276,0.6474358974358975,0.6607412376320644,0.674795413017273,1e-06
234,0.5104168429970741,0.26163611749591276,0.6474358974358975,0.6607412376320644,0.6747954368591309,1e-06
235,0.5120894238352776,0.26163611749591276,0.6474358974358975,0.6607412376320644,0.6747952938079834,1e-06
236,0.5164094393452009,0.26163611749591276,0.6474358974358975,0.6607412376320644,0.6747964739799499,1e-06
237,0.5145393908023834,0.26163611749591276,0.6474358974358975,0.6607412376320644,0.6747982621192932,1e-06
238,0.5134558429320654,0.26163611749591276,0.6474358974358975,0.6607412376320644,0.6748006701469421,1e-06
239,0.5212438926100731,0.26163611749591276,0.6474358974358975,0.6607412376320644,0.6748009204864502,1e-06
240,0.5102090984582901,0.26163611749591276,0.6474358974358975,0.6607412376320644,0.6748023867607117,1e-06
241,0.51773352175951,0.26163611749591276,0.6474358974358975,0.6607412376320644,0.6748032569885254,1e-06
242,0.5149659737944603,0.26163611749591276,0.6474358974358975,0.6607412376320644,0.6748030543327331,1e-06
243,0.5244964361190796,0.26163611749591276,0.6474358974358975,0.6607412376320644,0.6748023152351379,1e-06
244,0.510270560781161,0.26163611749591276,0.6474358974358975,0.6607412376320644,0.674800980091095,1e-06
245,0.510839673380057,0.26163611749591276,0.6474358974358975,0.6607412376320644,0.6748010277748108,1e-06
246,0.5130539461970329,0.26163611749591276,0.6474358974358975,0.6607412376320644,0.6748034596443176,1e-06
247,0.5119461193680763,0.26163611749591276,0.6474358974358975,0.6607412376320644,0.6748048186302185,1e-06
248,0.532684234281381,0.26163611749591276,0.6474358974358975,0.6607412376320644,0.6748054265975952,1e-06
249,0.510327972471714,0.26163611749591276,0.6474358974358975,0.6607412376320644,0.6748038053512573,1e-06
250,0.5268852238853773,0.26163611749591276,0.6474358974358975,0.6607412376320644,0.6748034238815308,1e-06
251,0.5152258450786272,0.26163611749591276,0.6474358974358975,0.6607412376320644,0.6748016595840454,1e-06
252,0.5091181968649229,0.26163611749591276,0.6474358974358975,0.6607412376320644,0.6747997164726257,1e-06
253,0.5130637610952059,0.26163611749591276,0.6474358974358975,0.6607412376320644,0.6747994661331177,1e-06
254,0.5099907591938972,0.26163611749591276,0.6474358974358975,0.6607412376320644,0.6748016476631165,1e-06
255,0.5165581777691841,0.26163611749591276,0.6474358974358975,0.6607412376320644,0.6748017787933349,1e-06
256,0.5061592161655426,0.26163611749591276,0.6474358974358975,0.6607412376320644,0.674802553653717,1e-06
257,0.5152428274353346,0.26163611749591276,0.6474358974358975,0.6607412376320644,0.6748048901557923,1e-06
258,0.5171858966350555,0.26163611749591276,0.6474358974358975,0.6607412376320644,0.6748046994209289,1e-06
259,0.5102032944560051,0.26163611749591276,0.6474358974358975,0.6607412376320644,0.6748049139976502,1e-06
260,0.530707374215126,0.26163611749591276,0.6474358974358975,0.6607412376320644,0.6748063087463378,1e-06
261,0.5175775289535522,0.26163611749591276,0.6474358974358975,0.6607412376320644,0.6748030185699463,1e-06
262,0.5317297702034315,0.26163611749591276,0.6474358974358975,0.6607412376320644,0.6748042941093445,1e-06
263,0.513854518532753,0.26163611749591276,0.6474358974358975,0.6607412376320644,0.6748029828071594,1e-06
264,0.5131562153498331,0.26163611749591276,0.6474358974358975,0.6607412376320644,0.6748030304908752,1e-06
265,0.5177136535445849,0.26163611749591276,0.6474358974358975,0.6607412376320644,0.674802589416504,1e-06
266,0.5067263965805372,0.26163611749591276,0.6474358974358975,0.6607412376320644,0.674803638458252,1e-06
267,0.507821187376976,0.26163611749591276,0.6474358974358975,0.6607412376320644,0.6748041033744812,1e-06
268,0.5294092545906702,0.26163611749591276,0.6474358974358975,0.6607412376320644,0.6748063683509826,1e-06
269,0.5100847656528155,0.26163611749591276,0.6474358974358975,0.6607412376320644,0.6748062610626221,1e-06
270,0.5247213840484619,0.26163611749591276,0.6474358974358975,0.6607412376320644,0.6748064637184144,1e-06
271,0.5130972787737846,0.26163611749591276,0.6474358974358975,0.6607412376320644,0.6748063921928406,1e-06
272,0.5263849074641863,0.26163611749591276,0.6474358974358975,0.6607412376320644,0.6748056411743164,1e-06
273,0.5226353853940964,0.26163611749591276,0.6474358974358975,0.6607412376320644,0.6748044490814209,1e-06
274,0.5204173400998116,0.26163611749591276,0.6474358974358975,0.6607412376320644,0.6748032927513122,1e-06
275,0.5090556790431341,0.26163611749591276,0.6474358974358975,0.6607412376320644,0.6748013496398926,1e-06
276,0.5139923095703125,0.26163611749591276,0.6474358974358975,0.6607412376320644,0.6748024582862854,1e-06
277,0.5179278055826823,0.26163611749591276,0.6474358974358975,0.6607412376320644,0.6748036623001099,1e-06
278,0.5099656085173289,0.26163611749591276,0.6474358974358975,0.6607412376320644,0.674802565574646,1e-06
279,0.5075116753578186,0.26163611749591276,0.6474358974358975,0.6607412376320644,0.6748028635978699,1e-06
280,0.5237688769896826,0.26163611749591276,0.6474358974358975,0.6607412376320644,0.6748036742210388,1e-06
281,0.5132332245508829,0.26163611749591276,0.6474358974358975,0.6607412376320644,0.6748043775558472,1e-06
282,0.516724576552709,0.26163611749591276,0.6474358974358975,0.6607412376320644,0.6748046040534973,1e-06
283,0.5221490239103636,0.26163611749591276,0.6474358974358975,0.6607412376320644,0.674802815914154,1e-06
284,0.507523866991202,0.26163611749591276,0.6474358974358975,0.6607412376320644,0.6748024344444274,1e-06
285,0.5021838247776031,0.26163611749591276,0.6474358974358975,0.6607412376320644,0.6748046875,1e-06
286,0.518005425731341,0.26163611749591276,0.6474358974358975,0.6607412376320644,0.6748061418533325,1e-06
287,0.5195706759889921,0.26163611749591276,0.6474358974358975,0.6607412376320644,0.6748063802719116,1e-06
288,0.5155580739180247,0.26163611749591276,0.6474358974358975,0.6607412376320644,0.674806547164917,1e-06
289,0.5275770326455435,0.26163611749591276,0.6474358974358975,0.6607412376320644,0.6748054504394532,1e-06
290,0.5055322572588921,0.26163611749591276,0.6474358974358975,0.6607412376320644,0.6748045325279236,1e-06
291,0.5192682966589928,0.26163611749591276,0.6474358974358975,0.6607412376320644,0.6748059749603271,1e-06
292,0.5146998489896456,0.26163611749591276,0.6474358974358975,0.6607412376320644,0.6748047709465027,1e-06
293,0.5100291445851326,0.26163611749591276,0.6474358974358975,0.6607412376320644,0.6748057246208191,1e-06
294,0.5062351897358894,0.26163611749591276,0.6474358974358975,0.6607412376320644,0.6748057126998901,1e-06
295,0.5172017961740494,0.26163611749591276,0.6474358974358975,0.6607412376320644,0.6748068928718567,1e-06
296,0.5208195423086485,0.26163611749591276,0.6474358974358975,0.6609089384537984,0.6748084783554077,1e-06
297,0.510639193157355,0.26163611749591276,0.6474358974358975,0.6609089384537984,0.6748083591461181,1e-06
298,0.5137375046809515,0.26163611749591276,0.6474358974358975,0.6609089384537984,0.6748079776763916,1e-06
299,0.5130629936854044,0.26163611749591276,0.6474358974358975,0.6609089384537984,0.6748088479042054,1e-06
300,0.4991990650693576,0.26163611749591276,0.6474358974358975,0.6609089384537984,0.6748097777366638,1e-06
301,0.5143522297342619,0.26163611749591276,0.6474358974358975,0.6609089384537984,0.6748111963272094,1e-06
302,0.5201196769873301,0.26163611749591276,0.6474358974358975,0.6607412376320644,0.6748125076293945,1e-06
303,0.5239756281177202,0.26163611749591276,0.6474358974358975,0.6609089384537984,0.6748116731643676,1e-06
304,0.5124940325816473,0.26163611749591276,0.6474358974358975,0.6607412376320644,0.6748115301132203,1e-06
305,0.5154642189542452,0.26163611749591276,0.6474358974358975,0.6607412376320644,0.6748104214668273,1e-06
306,0.5255810171365738,0.26163611749591276,0.6474358974358975,0.6607412376320644,0.6748098492622375,1e-06
307,0.5184981599450111,0.26163611749591276,0.6474358974358975,0.6607412376320644,0.6748094201087952,1e-06
308,0.49988852192958194,0.26163611749591276,0.6474358974358975,0.6607412376320644,0.6748095989227295,1e-06
309,0.513006274898847,0.26163611749591276,0.6474358974358975,0.6607412376320644,0.6748111605644226,1e-06
310,0.5104549477497736,0.26163611749591276,0.6474358974358975,0.6607412376320644,0.6748139500617981,1e-06
311,0.515557679037253,0.26163611749591276,0.6474358974358975,0.6607412376320644,0.6748145461082459,1e-06
312,0.5161169618368149,0.26163611749591276,0.6474358974358975,0.6605735368103304,0.6748167514801026,1e-06
313,0.5109114001194636,0.26163611749591276,0.6474358974358975,0.6604058359885964,0.6748176574707031,1e-06
314,0.5068526044487953,0.26163611749591276,0.6474358974358975,0.6604058359885964,0.6748191714286804,1e-06
315,0.5058926666776339,0.26163611749591276,0.6474358974358975,0.6604058359885964,0.6748207449913025,1e-06
316,0.5245907306671143,0.26163611749591276,0.6474358974358975,0.6604058359885964,0.6748236775398254,1e-06
317,0.5135216812292734,0.26163611749591276,0.6474358974358975,0.6604058359885964,0.6748229742050171,1e-06
