variable,display,source_a,source_b,mean_diff_b_minus_a,median_diff_b_minus_a,wilcoxon_p,wilcoxon_p_holm_by_variable
temperature_2m_mean,Temp mean,ERA5Land,ERA5_2xCoarse,-0.12624823626739698,-0.17942622669955988,1.4080646597017971e-09,1.4080646597017971e-09
temperature_2m_mean,Temp mean,ERA5Land,JRA3Q,-0.8273305596753896,-0.8836157480875855,4.945218903596419e-21,1.9780875614385676e-20
temperature_2m_mean,Temp mean,ERA5Land,MERRA2,0.5048541805779972,0.6014415807891051,6.6928252131191764e-18,2.007847563935753e-17
temperature_2m_mean,Temp mean,ERA5_2xCoarse,JRA3Q,-0.7010823234079925,-0.8334777095861856,1.3488349376010634e-16,2.697669875202127e-16
temperature_2m_mean,Temp mean,ERA5_2xCoarse,MERRA2,0.6311024168453944,0.6969420583624348,1.4522726110014031e-23,7.261363055007016e-23
temperature_2m_mean,Temp mean,JRA3Q,MERRA2,1.3321847402533868,1.5682266636898632,9.44094479395231e-28,5.664566876371387e-27
temperature_2m_max,Temp max,ERA5Land,ERA5_2xCoarse,-0.10405641350042902,-0.138338992470187,9.215643550485541e-09,9.215643550485541e-09
temperature_2m_max,Temp max,ERA5Land,JRA3Q,-0.7173527008422635,-0.5753164994089452,2.0310591156299418e-24,6.093177346889826e-24
temperature_2m_max,Temp max,ERA5Land,MERRA2,0.8468097557556655,0.6785861366673291,4.683708454791533e-33,1.8734833819166133e-32
temperature_2m_max,Temp max,ERA5_2xCoarse,JRA3Q,-0.6132962873418345,-0.5819982428299948,1.2297759807307771e-20,2.4595519614615542e-20
temperature_2m_max,Temp max,ERA5_2xCoarse,MERRA2,0.9508661692560946,0.8331532528525667,4.345041190233216e-40,2.172520595116608e-39
temperature_2m_max,Temp max,JRA3Q,MERRA2,1.564162456597929,1.2103665000513981,1.410257274822059e-52,8.461543648932354e-52
temperature_2m_min,Temp min,ERA5Land,ERA5_2xCoarse,-0.10940163330586992,-0.19474832635176753,3.5197757141779417e-06,3.5197757141779417e-06
temperature_2m_min,Temp min,ERA5Land,JRA3Q,-0.8525732210367258,-1.145786405864536,6.738460835309322e-15,2.0215382505927964e-14
temperature_2m_min,Temp min,ERA5Land,MERRA2,0.5985373524342082,0.7664631090665885,3.552007787936421e-16,1.4208031151745684e-15
temperature_2m_min,Temp min,ERA5_2xCoarse,JRA3Q,-0.7431715877308561,-1.0974947477642054,2.84967928444145e-12,5.6993585688829e-12
temperature_2m_min,Temp min,ERA5_2xCoarse,MERRA2,0.7079389857400782,0.8728911550421241,9.664410343732447e-21,5.798646206239468e-20
temperature_2m_min,Temp min,JRA3Q,MERRA2,1.451110573470934,1.8340132863898013,3.798456800329582e-20,1.8992284001647908e-19
wind_speed_10m_max,Wind max,ERA5Land,ERA5_2xCoarse,-0.1359080373551373,-0.13402528763391475,2.2540633993261763e-08,2.2540633993261763e-08
wind_speed_10m_max,Wind max,ERA5Land,JRA3Q,0.8951214578663639,1.1266821416208472,2.380226864278448e-27,7.140680592835344e-27
wind_speed_10m_max,Wind max,ERA5Land,MERRA2,1.9787415259851087,1.9050671373855186,4.241865048287446e-65,2.120932524143723e-64
wind_speed_10m_max,Wind max,ERA5_2xCoarse,JRA3Q,1.0310294952215011,1.127653640552463,2.1863359403886767e-37,8.745343761554707e-37
wind_speed_10m_max,Wind max,ERA5_2xCoarse,MERRA2,2.114649563340246,2.0067881542315367,2.0336016954383698e-67,1.2201610172630218e-66
wind_speed_10m_max,Wind max,JRA3Q,MERRA2,1.083620068118745,1.1902517990062111,1.8613082116835378e-26,3.7226164233670756e-26
wind_speed_10m_mean,Wind mean,ERA5Land,ERA5_2xCoarse,-0.09957813589667663,-0.07339215917131536,7.212742596186346e-07,7.212742596186346e-07
wind_speed_10m_mean,Wind mean,ERA5Land,JRA3Q,0.4715620505363704,0.6157379482085369,1.5898942466713594e-18,3.179788493342719e-18
wind_speed_10m_mean,Wind mean,ERA5Land,MERRA2,1.3766002830452642,1.2735907847631012,3.619784247259776e-62,1.8098921236298878e-61
wind_speed_10m_mean,Wind mean,ERA5_2xCoarse,JRA3Q,0.5711401864330471,0.6504486572327993,2.6838255378765393e-28,8.051476613629618e-28
wind_speed_10m_mean,Wind mean,ERA5_2xCoarse,MERRA2,1.4761784189419407,1.3678785999853147,4.77191915285141e-66,2.863151491710846e-65
wind_speed_10m_mean,Wind mean,JRA3Q,MERRA2,0.9050382325088935,0.9245019210012337,2.0598669820181395e-30,8.239467928072558e-30
wind_speed_10m_min,Wind min,ERA5Land,ERA5_2xCoarse,-0.06281271962311032,-0.025657304270108677,1.4398176172351882e-05,2.5930210271362612e-05
wind_speed_10m_min,Wind min,ERA5Land,JRA3Q,0.13017257373434926,0.1449667780988028,1.2965105135681306e-05,2.5930210271362612e-05
wind_speed_10m_min,Wind min,ERA5Land,MERRA2,0.8441082160077538,0.7165023475930508,1.643318215875641e-54,8.216591079378205e-54
wind_speed_10m_min,Wind min,ERA5_2xCoarse,JRA3Q,0.19298529335745956,0.12683723864816607,6.979911289315712e-10,2.0939733867947136e-09
wind_speed_10m_min,Wind min,ERA5_2xCoarse,MERRA2,0.9069209356308642,0.8099183950020516,2.8720279014767494e-60,1.7232167408860497e-59
wind_speed_10m_min,Wind min,JRA3Q,MERRA2,0.7139356422734046,0.598694506640497,1.4764565571320202e-36,5.9058262285280806e-36
precipitation_sum,Precip,ERA5Land,ERA5_2xCoarse,0.03356793040497479,0.06239618544808068,0.11475170543040841,0.11475170543040841
precipitation_sum,Precip,ERA5Land,JRA3Q,-2.650783717019922,-1.1204099581895162,2.758514674209876e-18,1.1034058696839504e-17
precipitation_sum,Precip,ERA5Land,MERRA2,1.102188929944867,1.2248160747383867,1.8996196078477394e-07,5.698858823543218e-07
precipitation_sum,Precip,ERA5_2xCoarse,JRA3Q,-2.684351647424897,-1.3924942008355332,6.40657143545721e-21,3.203285717728605e-20
precipitation_sum,Precip,ERA5_2xCoarse,MERRA2,1.0686209995398923,1.2534579864740534,7.308103602169153e-07,1.4616207204338307e-06
precipitation_sum,Precip,JRA3Q,MERRA2,3.75297264696479,2.8235923445195352,1.1570560712900601e-37,6.942336427740361e-37
relative_humidity_2m_max,RH max,ERA5Land,ERA5_2xCoarse,-0.15759877658094773,-0.18328722345163584,5.547537553061704e-06,2.841642784692659e-05
relative_humidity_2m_max,RH max,ERA5Land,JRA3Q,-0.23478253517007774,-0.3407752514864555,0.20447461397527933,0.40894922795055866
relative_humidity_2m_max,RH max,ERA5Land,MERRA2,-0.863542314411897,-0.58452231173802,4.736071307821098e-06,2.841642784692659e-05
relative_humidity_2m_max,RH max,ERA5_2xCoarse,JRA3Q,-0.07718375858913001,-0.16096899231638417,0.6711793365459996,0.6711793365459996
relative_humidity_2m_max,RH max,ERA5_2xCoarse,MERRA2,-0.7059435378309493,-0.2972289760626552,0.00023495531865965443,0.0009398212746386177
relative_humidity_2m_max,RH max,JRA3Q,MERRA2,-0.6287597792418192,-0.19310379028321023,0.01283116435564338,0.03849349306693014
relative_humidity_2m_min,RH min,ERA5Land,ERA5_2xCoarse,0.05069222651495954,0.10088941980409771,0.034286302280982194,0.10285890684294657
relative_humidity_2m_min,RH min,ERA5Land,JRA3Q,0.4940460340981351,0.7517099924477222,0.12187333844454214,0.24374667688908427
relative_humidity_2m_min,RH min,ERA5Land,MERRA2,-3.879371468857252,-3.1650725414131813,4.103862405312487e-24,1.6415449621249948e-23
relative_humidity_2m_min,RH min,ERA5_2xCoarse,JRA3Q,0.4433538075831756,0.8948410197460603,0.1724772690268428,0.24374667688908427
relative_humidity_2m_min,RH min,ERA5_2xCoarse,MERRA2,-3.9300636953722115,-3.3402953746160833,2.419908460955563e-24,1.2099542304777815e-23
relative_humidity_2m_min,RH min,JRA3Q,MERRA2,-4.373417502955387,-4.011726078234226,5.67677893625651e-29,3.406067361753906e-28
relative_humidity_2m_mean,RH mean,ERA5Land,ERA5_2xCoarse,0.05125148243028667,0.03050108247196448,0.2014532715047942,0.6043598145143826
relative_humidity_2m_mean,RH mean,ERA5Land,JRA3Q,0.07291021343041693,-0.006327621680043194,0.8577297065901973,1.0
relative_humidity_2m_mean,RH mean,ERA5Land,MERRA2,-1.4796643378800791,-1.9096550925749156,7.657050876069014e-11,3.828525438034507e-10
relative_humidity_2m_mean,RH mean,ERA5_2xCoarse,JRA3Q,0.021658731000130264,-0.12355701421424214,0.9169131716047088,1.0
relative_humidity_2m_mean,RH mean,ERA5_2xCoarse,MERRA2,-1.5309158203103659,-1.8687340718446421,6.695134706365289e-12,4.0170808238191733e-11
relative_humidity_2m_mean,RH mean,JRA3Q,MERRA2,-1.552574551310496,-0.6650782133403581,1.4561257943345065e-06,5.824503177338026e-06
