region,source_a,source_b,pearson_r,rmse
Huadong Valley,CWA,ERA5Land,0.45029828335144684,1.0417343522031348
Huadong Valley,CWA,ERA5_2xCoarse,0.4292520118713437,1.070263459128249
Huadong Valley,CWA,JRA3Q,0.10425211912576958,1.606801034303256
Huadong Valley,CWA,MERRA2,0.14076344824279252,1.3213769901456485
Huadong Valley,ERA5Land,ERA5_2xCoarse,0.9629458925704447,0.2500578466946754
Huadong Valley,ERA5Land,JRA3Q,0.6402217294509045,1.0076433553991806
Huadong Valley,ERA5Land,MERRA2,0.30744294909616515,1.0950667919310129
Huadong Valley,ERA5_2xCoarse,JRA3Q,0.6664564820726756,0.9773998962170659
Huadong Valley,ERA5_2xCoarse,MERRA2,0.35086323111985374,1.0769691733275197
Huadong Valley,JRA3Q,MERRA2,0.34697436701163914,1.3411711902248047
SW lowland,CWA,ERA5Land,0.5494043825179392,0.8376711855987012
SW lowland,CWA,ERA5_2xCoarse,0.5506090490167929,0.8350492110123708
SW lowland,CWA,JRA3Q,0.48147153565442014,0.91902007890531
SW lowland,CWA,MERRA2,0.46254968870472163,0.9822620852368589
SW lowland,ERA5Land,ERA5_2xCoarse,0.976682274013062,0.15727045678558602
SW lowland,ERA5Land,JRA3Q,0.5561137210921596,0.7380750902917603
SW lowland,ERA5Land,MERRA2,0.5634299447556941,0.7785863885251163
SW lowland,ERA5_2xCoarse,JRA3Q,0.583048223275517,0.7111892132633136
SW lowland,ERA5_2xCoarse,MERRA2,0.5554883497094488,0.7794724460042982
SW lowland,JRA3Q,MERRA2,0.45474195055750194,0.90905920959463
