train_source,eval_source,seed,n,mcc,tn,fp,fn,tp,within_mcc,delta_mcc_vs_within
CWA,CWA,174,404,0.4392976851069794,158,44,70,132,0.4392976851069794,0.0
CWA,CWA,1497,404,0.46244625507450143,157,45,64,138,0.46244625507450143,0.0
CWA,CWA,3299,404,0.43095190406155587,148,54,61,141,0.43095190406155587,0.0
CWA,CWA,3489,404,0.4705796653545725,152,50,57,145,0.4705796653545725,0.0
CWA,CWA,4065,404,0.44085884438481004,149,53,60,142,0.44085884438481004,0.0
CWA,CWA,5018,404,0.4183300132670378,154,48,70,132,0.4183300132670378,0.0
CWA,CWA,5168,404,0.4608536870475907,152,50,59,143,0.4608536870475907,0.0
CWA,CWA,5319,404,0.4554678697692702,146,56,54,148,0.4554678697692702,0.0
CWA,CWA,6469,404,0.38682177687334646,146,56,68,134,0.38682177687334646,0.0
CWA,CWA,9919,404,0.46244625507450143,157,45,64,138,0.46244625507450143,0.0
CWA,ERA5Land,174,404,0.30932659777424154,71,131,19,183,0.4392976851069794,-0.12997108733273788
CWA,ERA5Land,1497,404,0.23759035248414248,69,133,28,174,0.46244625507450143,-0.22485590259035895
CWA,ERA5Land,3299,404,0.28784345572855,68,134,20,182,0.43095190406155587,-0.14310844833300584
CWA,ERA5Land,3489,404,0.3304642137144401,80,122,22,180,0.4705796653545725,-0.1401154516401324
CWA,ERA5Land,4065,404,0.3962969619506085,87,115,17,185,0.44085884438481004,-0.04456188243420156
CWA,ERA5Land,5018,404,0.3511433189379838,97,105,31,171,0.4183300132670378,-0.067186694329054
CWA,ERA5Land,5168,404,0.18421131378760783,45,157,18,184,0.4608536870475907,-0.27664237325998287
CWA,ERA5Land,5319,404,0.311100376175889,53,149,8,194,0.4554678697692702,-0.1443674935933812
CWA,ERA5Land,6469,404,0.25954475401982025,53,149,14,188,0.38682177687334646,-0.1272770228535262
CWA,ERA5Land,9919,404,0.27636063960980445,70,132,23,179,0.46244625507450143,-0.18608561546469699
CWA,ERA5_2xCoarse,174,404,0.3097172337637706,68,134,17,185,0.4392976851069794,-0.12958045134320884
CWA,ERA5_2xCoarse,1497,404,0.20580047630517354,64,138,29,173,0.46244625507450143,-0.2566457787693279
CWA,ERA5_2xCoarse,3299,404,0.2611341382714144,64,138,21,181,0.43095190406155587,-0.16981776579014146
CWA,ERA5_2xCoarse,3489,404,0.30971124072525835,77,125,23,179,0.4705796653545725,-0.16086842462931417
CWA,ERA5_2xCoarse,4065,404,0.38514165448701465,78,124,13,189,0.44085884438481004,-0.055717189897795394
CWA,ERA5_2xCoarse,5018,404,0.28306053515801977,85,117,33,169,0.4183300132670378,-0.13526947810901802
CWA,ERA5_2xCoarse,5168,404,0.15651171632535635,36,166,15,187,0.4608536870475907,-0.30434197072223435
CWA,ERA5_2xCoarse,5319,404,0.29066461603280463,45,157,6,196,0.4554678697692702,-0.16480325373646554
CWA,ERA5_2xCoarse,6469,404,0.2593380080267274,48,154,11,191,0.38682177687334646,-0.12748376884661905
CWA,ERA5_2xCoarse,9919,404,0.30496877279641665,67,135,17,185,0.46244625507450143,-0.15747748227808478
CWA,JRA3Q,174,404,0.24580258985300898,72,130,29,173,0.4392976851069794,-0.19349509525397043
CWA,JRA3Q,1497,404,0.19772789470967506,65,137,31,171,0.46244625507450143,-0.2647183603648264
CWA,JRA3Q,3299,404,0.22057119974339648,56,146,21,181,0.43095190406155587,-0.2103807043181594
CWA,JRA3Q,3489,404,0.28812066682724297,71,131,22,180,0.4705796653545725,-0.18245899852732955
CWA,JRA3Q,4065,404,0.2830889839296111,64,138,18,184,0.44085884438481004,-0.15776986045519892
CWA,JRA3Q,5018,404,0.24967511357294372,94,108,46,156,0.4183300132670378,-0.16865489969409406
CWA,JRA3Q,5168,404,0.1929998500777747,36,166,11,191,0.4608536870475907,-0.267853836969816
CWA,JRA3Q,5319,404,0.18232322463624384,31,171,9,193,0.4554678697692702,-0.27314464513302633
CWA,JRA3Q,6469,404,0.15127978099965467,46,156,23,179,0.38682177687334646,-0.2355419958736918
CWA,JRA3Q,9919,404,0.24293550513796308,66,136,25,177,0.46244625507450143,-0.21951074993653835
CWA,MERRA2,174,404,0.28257525266016903,90,112,37,165,0.4392976851069794,-0.1567224324468104
CWA,MERRA2,1497,404,0.3132498051891203,94,108,35,167,0.46244625507450143,-0.1491964498853811
CWA,MERRA2,3299,404,0.31606729243253295,84,118,27,175,0.43095190406155587,-0.11488461162902291
CWA,MERRA2,3489,404,0.3346046664862302,88,114,27,175,0.4705796653545725,-0.1359749988683423
CWA,MERRA2,4065,404,0.3178333737695633,100,102,39,163,0.44085884438481004,-0.12302547061524677
CWA,MERRA2,5018,404,0.329917530924615,120,82,54,148,0.4183300132670378,-0.08841248234242277
CWA,MERRA2,5168,404,0.2934963192593358,75,127,24,178,0.4608536870475907,-0.16735736778825494
CWA,MERRA2,5319,404,0.2498407135868874,66,136,24,178,0.4554678697692702,-0.20562715618238278
CWA,MERRA2,6469,404,0.2803489114474141,87,115,35,167,0.38682177687334646,-0.10647286542593237
CWA,MERRA2,9919,404,0.287792822757797,86,116,33,169,0.46244625507450143,-0.17465343231670444
ERA5Land,CWA,174,404,0.2916259197003416,155,47,98,104,0.500300486324335,-0.20867456662399342
ERA5Land,CWA,1497,404,0.3465545551492639,171,31,106,96,0.4756206703785179,-0.12906611522925399
ERA5Land,CWA,3299,404,0.35254462270586023,165,37,97,105,0.49660979485871026,-0.14406517215285003
ERA5Land,CWA,3489,404,0.32256174780236696,167,35,106,96,0.47030279268790065,-0.1477410448855337
ERA5Land,CWA,4065,404,0.29268595296053396,137,65,78,124,0.5113126701343197,-0.21862671717378573
ERA5Land,CWA,5018,404,0.34006164761653884,162,40,96,106,0.5452229651812242,-0.2051613175646853
ERA5Land,CWA,5168,404,0.27191203557865323,164,38,113,89,0.4956572410738401,-0.2237452054951869
ERA5Land,CWA,5319,404,0.30032154465715105,154,48,95,107,0.5205744077774939,-0.2202528631203428
ERA5Land,CWA,6469,404,0.3530208501635714,161,41,92,110,0.5051733929908336,-0.15215254282726226
ERA5Land,CWA,9919,404,0.30186219647988893,149,53,89,113,0.5498351879406058,-0.24797299146071689
ERA5Land,ERA5Land,174,404,0.500300486324335,155,47,54,148,0.500300486324335,0.0
ERA5Land,ERA5Land,1497,404,0.4756206703785179,145,57,49,153,0.4756206703785179,0.0
ERA5Land,ERA5Land,3299,404,0.49660979485871026,159,43,59,143,0.49660979485871026,0.0
ERA5Land,ERA5Land,3489,404,0.47030279268790065,149,53,54,148,0.47030279268790065,0.0
ERA5Land,ERA5Land,4065,404,0.5113126701343197,145,57,42,160,0.5113126701343197,0.0
ERA5Land,ERA5Land,5018,404,0.5452229651812242,151,51,41,161,0.5452229651812242,0.0
ERA5Land,ERA5Land,5168,404,0.4956572410738401,146,56,46,156,0.4956572410738401,0.0
ERA5Land,ERA5Land,5319,404,0.5205744077774939,159,43,54,148,0.5205744077774939,0.0
ERA5Land,ERA5Land,6469,404,0.5051733929908336,149,53,47,155,0.5051733929908336,0.0
ERA5Land,ERA5Land,9919,404,0.5498351879406058,153,49,42,160,0.5498351879406058,0.0
ERA5Land,ERA5_2xCoarse,174,404,0.49543819831095615,155,47,55,147,0.500300486324335,-0.004862288013378846
ERA5Land,ERA5_2xCoarse,1497,404,0.4653693451990369,147,55,53,149,0.4756206703785179,-0.010251325179481019
ERA5Land,ERA5_2xCoarse,3299,404,0.5013842687724882,159,43,58,144,0.49660979485871026,0.0047744739137779435
ERA5Land,ERA5_2xCoarse,3489,404,0.45553486511710173,145,57,53,149,0.47030279268790065,-0.014767927570798922
ERA5Land,ERA5_2xCoarse,4065,404,0.5061676340491016,145,57,43,159,0.5113126701343197,-0.005145036085218102
ERA5Land,ERA5_2xCoarse,5018,404,0.5646055568721082,155,47,41,161,0.5452229651812242,0.019382591690884077
ERA5Land,ERA5_2xCoarse,5168,404,0.5205744077774939,148,54,43,159,0.4956572410738401,0.024917166703653737
ERA5Land,ERA5_2xCoarse,5319,404,0.5253966755382705,159,43,53,149,0.5205744077774939,0.004822267760776655
ERA5Land,ERA5_2xCoarse,6469,404,0.49543819831095615,147,55,47,155,0.5051733929908336,-0.00973519467987749
ERA5Land,ERA5_2xCoarse,9919,404,0.5545641836208195,155,47,43,159,0.5498351879406058,0.004728995680213677
ERA5Land,JRA3Q,174,404,0.3047144639723578,118,84,57,145,0.500300486324335,-0.1955860223519772
ERA5Land,JRA3Q,1497,404,0.3441549403260393,114,88,46,156,0.4756206703785179,-0.13146573005247858
ERA5Land,JRA3Q,3299,404,0.331461654022252,117,85,51,151,0.49660979485871026,-0.1651481408364583
ERA5Land,JRA3Q,3489,404,0.29325783675528805,102,100,45,157,0.47030279268790065,-0.1770449559326126
ERA5Land,JRA3Q,4065,404,0.2959970788539536,99,103,42,160,0.5113126701343197,-0.2153155912803661
ERA5Land,JRA3Q,5018,404,0.33441683138760914,106,96,41,161,0.5452229651812242,-0.210806133793615
ERA5Land,JRA3Q,5168,404,0.3606714444417836,108,94,38,164,0.4956572410738401,-0.1349857966320565
ERA5Land,JRA3Q,5319,404,0.3050444380432815,108,94,48,154,0.5205744077774939,-0.21552996973421235
ERA5Land,JRA3Q,6469,404,0.27329951143538417,107,95,53,149,0.5051733929908336,-0.23187388155544947
ERA5Land,JRA3Q,9919,404,0.3530208501635714,110,92,41,161,0.5498351879406058,-0.19681433777703444
ERA5Land,MERRA2,174,404,0.35785924761939486,128,74,56,146,0.500300486324335,-0.14244123870494013
ERA5Land,MERRA2,1497,404,0.3979951738402846,131,71,51,151,0.4756206703785179,-0.07762549653823331
ERA5Land,MERRA2,3299,404,0.33178482368737144,137,65,70,132,0.49660979485871026,-0.16482497117133882
ERA5Land,MERRA2,3489,404,0.3812301644531896,141,61,64,138,0.47030279268790065,-0.08907262823471107
ERA5Land,MERRA2,4065,404,0.398588503155377,121,81,42,160,0.5113126701343197,-0.11272416697894266
ERA5Land,MERRA2,5018,404,0.40596049262043643,141,61,59,143,0.5452229651812242,-0.13926247256078772
ERA5Land,MERRA2,5168,404,0.3733099318663212,128,74,53,149,0.4956572410738401,-0.1223473092075189
ERA5Land,MERRA2,5319,404,0.30198389846275725,132,70,71,131,0.5205744077774939,-0.21859050931473661
ERA5Land,MERRA2,6469,404,0.38175456570349553,134,68,57,145,0.5051733929908336,-0.1234188272873381
ERA5Land,MERRA2,9919,404,0.38085789308816836,116,86,41,161,0.5498351879406058,-0.16897729485243745
ERA5_2xCoarse,CWA,174,404,0.2818469881809086,160,42,106,96,0.5551361100027009,-0.2732891218217923
ERA5_2xCoarse,CWA,1497,404,0.3142783028212921,164,38,104,98,0.5109602229649999,-0.19668192014370778
ERA5_2xCoarse,CWA,3299,404,0.2704539280320774,152,50,99,103,0.5462707743445813,-0.27581684631250386
ERA5_2xCoarse,CWA,3489,404,0.2734903370361316,156,46,103,99,0.4653693451990369,-0.19187900816290526
ERA5_2xCoarse,CWA,4065,404,0.2205998593243855,149,53,106,96,0.5106587047722083,-0.2900588454478228
ERA5_2xCoarse,CWA,5018,404,0.22541882861456639,149,53,105,97,0.5051733929908336,-0.2797545643762672
ERA5_2xCoarse,CWA,5168,404,0.23349229016198625,164,38,121,81,0.4604016812628922,-0.22690939110090597
ERA5_2xCoarse,CWA,5319,404,0.3603869754823688,174,28,107,95,0.49624277847951137,-0.13585580299714256
ERA5_2xCoarse,CWA,6469,404,0.3110687847404649,161,41,101,101,0.49082729876163705,-0.17975851402117216
ERA5_2xCoarse,CWA,9919,404,0.29292929292929293,150,52,92,110,0.5297613973570298,-0.23683210442773683
ERA5_2xCoarse,ERA5Land,174,404,0.5350732541758326,159,43,51,151,0.5551361100027009,-0.020062855826868287
ERA5_2xCoarse,ERA5Land,1497,404,0.5007430017669227,146,56,45,157,0.5109602229649999,-0.01021722119807722
ERA5_2xCoarse,ERA5Land,3299,404,0.5562029702417555,149,53,37,165,0.5462707743445813,0.0099321958971742
ERA5_2xCoarse,ERA5Land,3489,404,0.500006126962926,151,51,50,152,0.4653693451990369,0.034636781763889124
ERA5_2xCoarse,ERA5Land,4065,404,0.49543819831095615,147,55,47,155,0.5106587047722083,-0.01522050646125217
ERA5_2xCoarse,ERA5Land,5018,404,0.4754573110501964,152,50,56,146,0.5051733929908336,-0.02971608194063724
ERA5_2xCoarse,ERA5Land,5168,404,0.4804866056778267,153,49,56,146,0.4604016812628922,0.02008492441493448
ERA5_2xCoarse,ERA5Land,5319,404,0.4905861829861449,146,56,47,155,0.49624277847951137,-0.005656595493366445
ERA5_2xCoarse,ERA5Land,6469,404,0.5049752469181039,151,51,49,153,0.49082729876163705,0.01414794815646686
ERA5_2xCoarse,ERA5Land,9919,404,0.5495655617442083,155,47,44,158,0.5297613973570298,0.01980416438717858
ERA5_2xCoarse,ERA5_2xCoarse,174,404,0.5551361100027009,162,40,50,152,0.5551361100027009,0.0
ERA5_2xCoarse,ERA5_2xCoarse,1497,404,0.5109602229649999,146,56,43,159,0.5109602229649999,0.0
ERA5_2xCoarse,ERA5_2xCoarse,3299,404,0.5462707743445813,148,54,38,164,0.5462707743445813,0.0
ERA5_2xCoarse,ERA5_2xCoarse,3489,404,0.4653693451990369,147,55,53,149,0.4653693451990369,0.0
ERA5_2xCoarse,ERA5_2xCoarse,4065,404,0.5106587047722083,147,55,44,158,0.5106587047722083,0.0
ERA5_2xCoarse,ERA5_2xCoarse,5018,404,0.5051733929908336,155,47,53,149,0.5051733929908336,0.0
ERA5_2xCoarse,ERA5_2xCoarse,5168,404,0.4604016812628922,147,55,54,148,0.4604016812628922,0.0
ERA5_2xCoarse,ERA5_2xCoarse,5319,404,0.49624277847951137,144,58,44,158,0.49624277847951137,0.0
ERA5_2xCoarse,ERA5_2xCoarse,6469,404,0.49082729876163705,145,57,46,156,0.49082729876163705,0.0
ERA5_2xCoarse,ERA5_2xCoarse,9919,404,0.5297613973570298,156,46,49,153,0.5297613973570298,0.0
ERA5_2xCoarse,JRA3Q,174,404,0.3189436211764713,99,103,38,164,0.5551361100027009,-0.23619248882622962
ERA5_2xCoarse,JRA3Q,1497,404,0.33636714634883286,110,92,44,158,0.5109602229649999,-0.17459307661616702
ERA5_2xCoarse,JRA3Q,3299,404,0.2803489114474141,87,115,35,167,0.5462707743445813,-0.2659218628971672
ERA5_2xCoarse,JRA3Q,3489,404,0.32320444505665785,106,96,43,159,0.4653693451990369,-0.14216490014237904
ERA5_2xCoarse,JRA3Q,4065,404,0.2671483543712056,100,102,48,154,0.5106587047722083,-0.24351035040100272
ERA5_2xCoarse,JRA3Q,5018,404,0.33554888184760967,111,91,45,157,0.5051733929908336,-0.16962451114322397
ERA5_2xCoarse,JRA3Q,5168,404,0.3159812586913278,108,94,46,156,0.4604016812628922,-0.1444204225715644
ERA5_2xCoarse,JRA3Q,5319,404,0.3100868364730211,102,100,42,160,0.49624277847951137,-0.18615594200649027
ERA5_2xCoarse,JRA3Q,6469,404,0.3402330511587638,112,90,45,157,0.49082729876163705,-0.15059424760287327
ERA5_2xCoarse,JRA3Q,9919,404,0.3375405285176664,103,99,38,164,0.5297613973570298,-0.19222086883936335
ERA5_2xCoarse,MERRA2,174,404,0.4051874425482963,127,75,46,156,0.5551361100027009,-0.1499486674544046
ERA5_2xCoarse,MERRA2,1497,404,0.3546676547874984,123,79,52,150,0.5109602229649999,-0.15629256817750148
ERA5_2xCoarse,MERRA2,3299,404,0.39172740929902505,123,79,45,157,0.5462707743445813,-0.1545433650455562
ERA5_2xCoarse,MERRA2,3489,404,0.3733099318663212,128,74,53,149,0.4653693451990369,-0.09205941333271567
ERA5_2xCoarse,MERRA2,4065,404,0.35973007179546795,115,87,44,158,0.5106587047722083,-0.15092863297674036
ERA5_2xCoarse,MERRA2,5018,404,0.37205841478033974,132,70,57,145,0.5051733929908336,-0.1331149782104939
ERA5_2xCoarse,MERRA2,5168,404,0.3271337791087345,129,73,63,139,0.4604016812628922,-0.13326790215415774
ERA5_2xCoarse,MERRA2,5319,404,0.41789493253229887,133,69,49,153,0.49624277847951137,-0.0783478459472125
ERA5_2xCoarse,MERRA2,6469,404,0.3190918803725936,121,81,57,145,0.49082729876163705,-0.17173541838904344
ERA5_2xCoarse,MERRA2,9919,404,0.3804568224450548,124,78,48,154,0.5297613973570298,-0.14930457491197496
JRA3Q,CWA,174,404,0.31209389196617965,162,40,102,100,0.450544739808315,-0.13845084784213535
JRA3Q,CWA,1497,404,0.35291030240989146,169,33,102,100,0.4115016747193523,-0.05859137230946082
JRA3Q,CWA,3299,404,0.23292936426918648,153,49,108,94,0.45553486511710173,-0.22260550084791525
JRA3Q,CWA,3489,404,0.2933798822515654,140,62,81,121,0.4507657847080642,-0.1573859024564988
JRA3Q,CWA,4065,404,0.24722578043814525,145,57,96,106,0.46534653465346537,-0.21812075421532012
JRA3Q,CWA,5018,404,0.25620061373191955,158,44,109,93,0.4754573110501964,-0.21925669731827685
JRA3Q,CWA,5168,404,0.2730945718268496,165,37,114,88,0.4258260695659864,-0.1527314977391368
JRA3Q,CWA,5319,404,0.2196488425534897,136,66,92,110,0.4620351612040137,-0.242386318650524
JRA3Q,CWA,6469,404,0.21850830973783253,131,71,87,115,0.46044682200190434,-0.24193851226407181
JRA3Q,CWA,9919,404,0.18443358704828158,145,57,109,93,0.46044682200190434,-0.27601323495362273
JRA3Q,ERA5Land,174,404,0.3916702687087811,135,67,56,146,0.450544739808315,-0.05887447109953392
JRA3Q,ERA5Land,1497,404,0.4159231377156146,141,61,57,145,0.4115016747193523,0.0044214629962623375
JRA3Q,ERA5Land,3299,404,0.4098975384214914,128,74,46,156,0.45553486511710173,-0.045637326695610325
JRA3Q,ERA5Land,3489,404,0.4297371021269962,123,79,38,164,0.4507657847080642,-0.021028682581068048
JRA3Q,ERA5Land,4065,404,0.36940941702177815,125,77,51,151,0.46534653465346537,-0.09593711763168722
JRA3Q,ERA5Land,5018,404,0.4061197865220427,139,63,57,145,0.4754573110501964,-0.06933752452815367
JRA3Q,ERA5Land,5168,404,0.4246021219286953,130,72,45,157,0.4258260695659864,-0.0012239476372911118
JRA3Q,ERA5Land,5319,404,0.4460915169664561,141,61,51,151,0.4620351612040137,-0.01594364423755762
JRA3Q,ERA5Land,6469,404,0.3771389216638429,114,88,40,162,0.46044682200190434,-0.08330790033806146
JRA3Q,ERA5Land,9919,404,0.41235396107454986,134,68,51,151,0.46044682200190434,-0.048092860927354486
JRA3Q,ERA5_2xCoarse,174,404,0.3623866497068479,130,72,57,145,0.450544739808315,-0.08815809010146708
JRA3Q,ERA5_2xCoarse,1497,404,0.4112995271500003,138,64,55,147,0.4115016747193523,-0.00020214756935199585
JRA3Q,ERA5_2xCoarse,3299,404,0.4158168428692421,127,75,44,158,0.45553486511710173,-0.03971802224785964
JRA3Q,ERA5_2xCoarse,3489,404,0.4334818382182126,125,77,39,163,0.4507657847080642,-0.017283946489851598
JRA3Q,ERA5_2xCoarse,4065,404,0.3386481059780782,124,78,56,146,0.46534653465346537,-0.12669842867538716
JRA3Q,ERA5_2xCoarse,5018,404,0.38661264803759526,135,67,57,145,0.4754573110501964,-0.08884466301260113
JRA3Q,ERA5_2xCoarse,5168,404,0.4230845894484974,133,69,48,154,0.4258260695659864,-0.0027414801174889813
JRA3Q,ERA5_2xCoarse,5319,404,0.4457412291095591,143,59,53,149,0.4620351612040137,-0.016293932094454622
JRA3Q,ERA5_2xCoarse,6469,404,0.34104311003439186,111,91,44,158,0.46044682200190434,-0.11940371196751248
JRA3Q,ERA5_2xCoarse,9919,404,0.40836977485591786,131,71,49,153,0.46044682200190434,-0.05207704714598649
JRA3Q,JRA3Q,174,404,0.450544739808315,148,54,57,145,0.450544739808315,0.0
JRA3Q,JRA3Q,1497,404,0.4115016747193523,148,54,65,137,0.4115016747193523,0.0
JRA3Q,JRA3Q,3299,404,0.45553486511710173,149,53,57,145,0.45553486511710173,0.0
JRA3Q,JRA3Q,3489,404,0.4507657847080642,143,59,52,150,0.4507657847080642,0.0
JRA3Q,JRA3Q,4065,404,0.46534653465346537,148,54,54,148,0.46534653465346537,0.0
JRA3Q,JRA3Q,5018,404,0.4754573110501964,152,50,56,146,0.4754573110501964,0.0
JRA3Q,JRA3Q,5168,404,0.4258260695659864,146,56,60,142,0.4258260695659864,0.0
JRA3Q,JRA3Q,5319,404,0.4620351612040137,156,46,63,139,0.4620351612040137,0.0
JRA3Q,JRA3Q,6469,404,0.46044682200190434,146,56,53,149,0.46044682200190434,0.0
JRA3Q,JRA3Q,9919,404,0.46044682200190434,146,56,53,149,0.46044682200190434,0.0
JRA3Q,MERRA2,174,404,0.39217185379234226,133,69,54,148,0.450544739808315,-0.058372886015972736
JRA3Q,MERRA2,1497,404,0.3774234440926198,147,55,71,131,0.4115016747193523,-0.034078230626732486
JRA3Q,MERRA2,3299,404,0.3514894555877994,137,65,66,136,0.45553486511710173,-0.1040454095293023
JRA3Q,MERRA2,3489,404,0.3876808515876778,131,71,53,149,0.4507657847080642,-0.06308493312038643
JRA3Q,MERRA2,4065,404,0.333854341429198,146,56,79,123,0.46534653465346537,-0.13149219322426736
JRA3Q,MERRA2,5018,404,0.3366996829126404,133,69,65,137,0.4754573110501964,-0.138757628137556
JRA3Q,MERRA2,5168,404,0.3960590171906697,140,62,60,142,0.4258260695659864,-0.029767052375316683
JRA3Q,MERRA2,5319,404,0.34382014266589045,147,55,78,124,0.4620351612040137,-0.11821501853812327
JRA3Q,MERRA2,6469,404,0.3466026147630122,138,64,68,134,0.46044682200190434,-0.11384420723889216
JRA3Q,MERRA2,9919,404,0.31274464289769066,140,62,77,125,0.46044682200190434,-0.14770217910421368
MERRA2,CWA,174,404,0.28306925853614895,175,27,125,77,0.4756206703785179,-0.19255141184236896
MERRA2,CWA,1497,404,0.2654243731222853,170,32,122,80,0.5249841142845918,-0.2595597411623065
MERRA2,CWA,3299,404,0.2955640525482797,174,28,121,81,0.5503215167933506,-0.2547574642450709
MERRA2,CWA,3489,404,0.23098630955841234,173,29,133,69,0.5198083498129429,-0.2888220402545305
MERRA2,CWA,4065,404,0.2524308329098654,171,31,126,76,0.5302295109042172,-0.2777986779943518
MERRA2,CWA,5018,404,0.2000718754617515,169,33,134,68,0.504950495049505,-0.3048786195877534
MERRA2,CWA,5168,404,0.28608827729784747,174,28,123,79,0.4758309514308865,-0.18974267413303902
MERRA2,CWA,5319,404,0.33887133515506324,172,30,109,93,0.5053469622771752,-0.166475627122112
MERRA2,CWA,6469,404,0.28132539651815747,174,28,124,78,0.43095190406155587,-0.1496265075433984
MERRA2,CWA,9919,404,0.24910094751181105,172,30,128,74,0.5099072383879344,-0.26080629087612334
MERRA2,ERA5Land,174,404,0.3465600901775854,159,43,91,111,0.4756206703785179,-0.12906058020093253
MERRA2,ERA5Land,1497,404,0.46456467458080775,161,41,68,134,0.5249841142845918,-0.06041943970378405
MERRA2,ERA5Land,3299,404,0.40722003178414246,150,52,68,134,0.5503215167933506,-0.14310148500920816
MERRA2,ERA5Land,3489,404,0.39960610527127677,166,36,88,114,0.5198083498129429,-0.12020224454166611
MERRA2,ERA5Land,4065,404,0.4218602869374116,160,42,76,126,0.5302295109042172,-0.1083692239668056
MERRA2,ERA5Land,5018,404,0.40189103809227317,168,34,90,112,0.504950495049505,-0.10305945695723179
MERRA2,ERA5Land,5168,404,0.3994027184474435,161,41,82,120,0.4758309514308865,-0.07642823298344298
MERRA2,ERA5Land,5319,404,0.38197997250781546,146,56,69,133,0.5053469622771752,-0.12336698976935978
MERRA2,ERA5Land,6469,404,0.45926576170275124,160,42,68,134,0.43095190406155587,0.028313857641195372
MERRA2,ERA5Land,9919,404,0.38307697330911816,158,44,82,120,0.5099072383879344,-0.12683026507881623
MERRA2,ERA5_2xCoarse,174,404,0.40951417967396103,162,40,81,121,0.4756206703785179,-0.06610649070455688
MERRA2,ERA5_2xCoarse,1497,404,0.44400764186273256,158,44,69,133,0.5249841142845918,-0.08097647242185924
MERRA2,ERA5_2xCoarse,3299,404,0.47674540306436186,157,45,61,141,0.5503215167933506,-0.07357611372898876
MERRA2,ERA5_2xCoarse,3489,404,0.37911348448813437,164,38,90,112,0.5198083498129429,-0.14069486532480852
MERRA2,ERA5_2xCoarse,4065,404,0.4125450018558482,160,42,78,124,0.5302295109042172,-0.11768450904836902
MERRA2,ERA5_2xCoarse,5018,404,0.39960610527127677,166,36,88,114,0.504950495049505,-0.10534438977822819
MERRA2,ERA5_2xCoarse,5168,404,0.38704219730901335,157,45,80,122,0.4758309514308865,-0.08878875412187315
MERRA2,ERA5_2xCoarse,5319,404,0.41113802341504757,146,56,63,139,0.5053469622771752,-0.09420893886212767
MERRA2,ERA5_2xCoarse,6469,404,0.45457403641777966,160,42,69,133,0.43095190406155587,0.02362213235622379
MERRA2,ERA5_2xCoarse,9919,404,0.43051693066150937,159,43,73,129,0.5099072383879344,-0.07939030772642502
MERRA2,JRA3Q,174,404,0.24324583336487052,118,84,69,133,0.4756206703785179,-0.2323748370136474
MERRA2,JRA3Q,1497,404,0.23186237858183467,105,97,59,143,0.5249841142845918,-0.2931217357027571
MERRA2,JRA3Q,3299,404,0.2868966909639936,103,99,47,155,0.5503215167933506,-0.263424825829357
MERRA2,JRA3Q,3489,404,0.24929053154108877,114,88,64,138,0.5198083498129429,-0.2705178182718541
MERRA2,JRA3Q,4065,404,0.21889734561215654,113,89,69,133,0.5302295109042172,-0.31133216529206065
MERRA2,JRA3Q,5018,404,0.19392907470866189,111,91,72,130,0.504950495049505,-0.31102142034084307
MERRA2,JRA3Q,5168,404,0.22772277227722773,124,78,78,124,0.4758309514308865,-0.24810817915365876
MERRA2,JRA3Q,5319,404,0.2310187285609635,107,95,61,141,0.5053469622771752,-0.27432823371621173
MERRA2,JRA3Q,6469,404,0.1693240529890391,107,95,73,129,0.43095190406155587,-0.26162785107251674
MERRA2,JRA3Q,9919,404,0.23763541031440183,124,78,76,126,0.5099072383879344,-0.27227182807353256
MERRA2,MERRA2,174,404,0.4756206703785179,153,49,57,145,0.4756206703785179,0.0
MERRA2,MERRA2,1497,404,0.5249841142845918,157,45,51,151,0.5249841142845918,0.0
MERRA2,MERRA2,3299,404,0.5503215167933506,151,51,40,162,0.5503215167933506,0.0
MERRA2,MERRA2,3489,404,0.5198083498129429,153,49,48,154,0.5198083498129429,0.0
MERRA2,MERRA2,4065,404,0.5302295109042172,159,43,52,150,0.5302295109042172,0.0
MERRA2,MERRA2,5018,404,0.504950495049505,152,50,50,152,0.504950495049505,0.0
MERRA2,MERRA2,5168,404,0.4758309514308865,154,48,58,144,0.4758309514308865,0.0
MERRA2,MERRA2,5319,404,0.5053469622771752,148,54,46,156,0.5053469622771752,0.0
MERRA2,MERRA2,6469,404,0.43095190406155587,141,61,54,148,0.43095190406155587,0.0
MERRA2,MERRA2,9919,404,0.5099072383879344,152,50,49,153,0.5099072383879344,0.0
